Model,PC,MSE,R2,Q2,MAE,Best Params,R2+Q2,Vote sum,R2-Q2,Vote diff,Vote,(R2+Q2)-(R2-Q2)
Random Forest,56,2.005661199842535,0.7650132045672808,0.2791905254302737,1.1388783709547772,"{'bootstrap': True, 'criterion': 'squared_error', 'max_depth': 7, 'max_features': 'sqrt', 'min_samples_leaf': 2, 'min_samples_split': 5, 'n_estimators': 50}",1.0442037299975544,1,0.48582267913700716,22,23,0.5583810508605472
AdaBoost,41,2.1403482327624523,0.7247287842021797,0.2307856954231003,1.163371531260241,"{'learning_rate': 1.0, 'n_estimators': 50}",0.9555144796252799,3,0.4939430887790794,29,32,0.4615713908462005
XGBoost,59,2.039552506028331,0.909831404472753,0.2670104151473489,1.137967239340956,"{'colsample_bytree': 1.0, 'learning_rate': 0.1, 'max_depth': 5, 'n_estimators': 25, 'subsample': 0.8}",1.176841819620102,2,0.6428209893254041,40,42,0.5340208302946979
MLP,5,2.069956982837854,0.33021134432942,0.2560834276006182,1.1135125784989828,"{'alpha': 0.0001, 'hidden_layer_sizes': (100,), 'learning_rate_init': 0.001}",0.5862947719300382,31,0.07412791672880181,2,33,0.5121668552012364
KNN,44,2.104924757267371,0.4138717295088544,0.2435164481349978,1.2672632298162152,"{'metric': 'manhattan', 'n_neighbors': 5, 'weights': 'uniform'}",0.6573881776438522,1,0.17035528137385664,6,7,0.4870328962699955
Gradient Boosting,53,2.157859140427341,0.94676035105947,0.2244924948794797,1.173065323149846,"{'learning_rate': 0.05, 'max_depth': 5, 'n_estimators': 50, 'subsample': 0.8}",1.1712528459389497,1,0.7222678561799902,55,56,0.4489849897589595
SVR,67,2.3087126922071666,0.5210011373018317,0.170277620800084,1.2820775929856547,"{'C': 1, 'gamma': 'scale', 'kernel': 'rbf'}",0.6912787581019157,1,0.3507235165017477,51,52,0.34055524160016803
