PC1,PC2,PC3
8.103369220304826,-5.074304968420612,-0.3272868635188883
-20.496757439594557,12.835006684828604,0.8278432430183695
