y_test,y_pred
8.958607314841775,7.501245
8.221848749616356,7.28238
9.769551078621726,8.743478
6.67264106561367,8.49339
7.031517051446065,7.3610845
7.431798275933005,7.101532
7.917933065714887,8.585603
6.913640169325252,8.318518
9.0,8.414033
6.810790510417694,8.816883
7.42021640338319,7.1705947
6.443697499232713,8.338886
7.795880017344075,7.2424884
6.443697499232713,7.8420506
7.217527375833714,8.373567
7.102372908709558,7.51919
8.721246399047171,8.146223
9.0,8.816542
6.696803942579511,8.36028
