y_test,y_pred
7.191789027075778,8.09842530026195
6.908684840302777,7.445162617761456
8.835647144215564,7.798740192375163
8.221848749616356,7.9727805557497495
7.187086643357144,7.25895241511547
9.0,6.948946758653434
9.769551078621726,7.999632804630286
11.0,7.529443258834047
7.749579997691106,8.149083605916132
7.823908740944319,6.948946758653434
7.251811972993799,7.26600757368631
