y_test,y_pred
7.191789027075778,8.108221144268022
6.908684840302777,7.502375969905638
8.835647144215564,7.853871964321762
8.221848749616356,7.758055133942713
7.187086643357144,7.244792047647103
9.0,6.993998271097378
9.769551078621726,7.969302659106926
11.0,7.5606464360631795
7.749579997691106,8.072518711932911
7.823908740944319,6.981862356345761
7.251811972993799,7.410449827475705
