y_test,y_pred
7.191789027075778,8.378834566789658
6.908684840302777,7.759333926125134
8.835647144215564,8.02730284798555
8.221848749616356,7.6251602688280355
7.187086643357144,7.203356286003166
9.0,7.073737513689491
9.769551078621726,7.966910907397018
11.0,7.377635030896758
7.749579997691106,8.042443197861166
7.823908740944319,7.022211531234613
7.251811972993799,7.788440415940439
