y_test,y_pred
7.191789027075778,9.205133741601033
6.908684840302777,7.026104280959534
8.835647144215564,8.297883649672881
8.221848749616356,7.745422583271826
7.187086643357144,7.11420250239461
9.0,7.530299972754888
9.769551078621726,7.586546810529894
11.0,8.17776511594822
7.749579997691106,8.201721964804518
7.823908740944319,7.562269041350085
7.251811972993799,8.35234226254597
