y_test,y_pred
7.191789027075778,8.178089915448851
6.908684840302777,7.964632776533989
8.835647144215564,8.41272838124177
8.221848749616356,7.39817990656468
7.187086643357144,7.404286912457252
9.0,7.215975350810704
9.769551078621726,7.712273686119619
11.0,7.682367678046312
7.749579997691106,8.12158753623939
7.823908740944319,7.25628752102051
7.251811972993799,7.612190322835971
