y_test,y_pred
7.191789027075778,8.523830428870045
6.908684840302777,7.507112068214893
8.835647144215564,7.9565761207759556
8.221848749616356,7.574899879580614
7.187086643357144,7.367491653326413
9.0,7.148226595813557
9.769551078621726,7.987726255481266
11.0,7.485266034180886
7.749579997691106,8.039780351561705
7.823908740944319,7.177429301987874
7.251811972993799,7.916385010069016
