y_test,y_pred
7.191789027075778,8.47417662826688
6.908684840302777,7.554514873798244
8.835647144215564,7.980353518931934
8.221848749616356,7.3451245217614405
7.187086643357144,7.321716238570221
9.0,6.960719753167858
9.769551078621726,7.948517059567882
11.0,7.420846018885639
7.749579997691106,7.945714118188056
7.823908740944319,7.022424667662176
7.251811972993799,7.791933650964788
