y_test,y_pred
7.191789027075778,8.435117423485858
6.908684840302777,7.646902820451851
8.835647144215564,7.971275150061104
8.221848749616356,7.210919221348779
7.187086643357144,7.348415280445725
9.0,7.238694440447893
9.769551078621726,7.861294314111379
11.0,7.6030181179263545
7.749579997691106,8.016454959380942
7.823908740944319,6.860456706396204
7.251811972993799,7.6179709957928035
