y_test,y_pred
7.191789027075778,8.231220216842535
6.908684840302777,7.6988943677115405
8.835647144215564,7.717311993461068
8.221848749616356,7.151820932084831
7.187086643357144,7.229520072548381
9.0,7.318885917543473
9.769551078621726,7.78529827417718
11.0,7.638049361454636
7.749579997691106,7.806265437879104
7.823908740944319,6.940966291239934
7.251811972993799,7.625818156063199
