y_test,y_pred
7.191789027075778,8.183419689538132
6.908684840302777,7.321298163685022
8.835647144215564,7.823369054049576
8.221848749616356,7.679687165769445
7.187086643357144,7.492262762369901
9.0,7.132993761960806
9.769551078621726,7.874896591476546
11.0,7.4901299669044406
7.749579997691106,7.925780648727863
7.823908740944319,6.952116688813025
7.251811972993799,7.771149627537229
