y_test,y_pred
7.191789027075778,8.311245483821116
6.908684840302777,7.746867309411319
8.835647144215564,7.79113685551578
8.221848749616356,7.335001952617398
7.187086643357144,7.245660563106909
9.0,7.065883194620866
9.769551078621726,7.82354554545954
11.0,7.359092583929249
7.749579997691106,8.094261265330921
7.823908740944319,7.074312430124265
7.251811972993799,7.5848645949015445
