y_test,y_pred
7.191789027075778,8.482557854983831
6.908684840302777,7.3620035860122615
8.835647144215564,8.049166792486053
8.221848749616356,7.584720334704811
7.187086643357144,7.34466340829573
9.0,7.339813849625837
9.769551078621726,7.849735482455957
11.0,7.45093709184093
7.749579997691106,8.025677337449956
7.823908740944319,7.316809875944764
7.251811972993799,7.924063052600207
