y_test,y_pred
7.191789027075778,8.659136714329561
6.908684840302777,7.463527976238793
8.835647144215564,8.146067715257805
8.221848749616356,7.510592524671393
7.187086643357144,7.231801758128271
9.0,7.0716893188456895
9.769551078621726,8.024772382947551
11.0,7.437353760276734
7.749579997691106,7.828353767531932
7.823908740944319,7.051945117860762
7.251811972993799,7.960334725130171
