y_test,y_pred
7.191789027075778,7.983230730744791
6.908684840302777,7.915188323763959
8.835647144215564,7.861054008060264
8.221848749616356,7.740008340061043
7.187086643357144,7.954108853830036
9.0,7.920027780146793
9.769551078621726,7.934306198492417
11.0,7.9475862160379585
7.749579997691106,7.944354178547575
7.823908740944319,7.780242398141871
7.251811972993799,7.930060636218838
