y_test,y_pred
7.191789027075778,7.980976885629996
6.908684840302777,7.915188323763961
8.835647144215564,7.919121765778389
8.221848749616356,7.776530837573348
7.187086643357144,7.954021646036813
9.0,7.853704694464124
9.769551078621726,8.14594968630237
11.0,7.985361165338782
7.749579997691106,8.102031618126649
7.823908740944319,7.853704694464124
7.251811972993799,7.853704694464124
