y_test,y_pred
7.191789027075778,7.983230730744791
6.908684840302777,7.91518832376396
8.835647144215564,7.869132580575931
8.221848749616356,7.82792559090267
7.187086643357144,7.889632114604366
9.0,7.7756542118332455
9.769551078621726,7.834058263611519
11.0,7.99988715157007
7.749579997691106,7.992489865774556
7.823908740944319,7.888167297497711
7.251811972993799,7.881404198164899
