y_test,y_pred
7.191789027075778,7.169529208355327
6.908684840302777,9.277101195763931
8.835647144215564,3.5193073358749825
8.221848749616356,9.249133937724952
7.187086643357144,7.016310438592992
9.0,7.52927225250606
9.769551078621726,8.032945760220896
11.0,8.310147494359633
7.749579997691106,10.220370785621823
7.823908740944319,8.03693941104851
7.251811972993799,7.576558223167542
