y_test,y_pred
7.191789027075778,7.3027843441755795
6.908684840302777,7.429133800541686
8.835647144215564,5.831850553140626
8.221848749616356,7.3484044732683715
7.187086643357144,7.735812917812753
9.0,6.103899999856175
9.769551078621726,8.379900304339971
11.0,6.852563132192383
7.749579997691106,9.446194509315584
7.823908740944319,6.235850977563356
7.251811972993799,6.263947378614485
