y_test,y_pred
7.191789027075778,5.960986430216323
6.908684840302777,6.106227985318137
8.835647144215564,3.8041720486345465
8.221848749616356,6.951889559195968
7.187086643357144,6.346396898384169
9.0,5.810110634013987
9.769551078621726,7.915582726592529
11.0,5.2928347452157976
7.749579997691106,8.646246596868748
7.823908740944319,6.524940864935128
7.251811972993799,6.359417439465196
