y_test,y_pred
7.191789027075778,7.624240547341268
6.908684840302777,6.083445331031275
8.835647144215564,5.482703433064589
8.221848749616356,7.365547094470475
7.187086643357144,8.029746048778023
9.0,6.516372086994183
9.769551078621726,8.420427604521873
11.0,6.636551952762698
7.749579997691106,8.96075659222215
7.823908740944319,6.448084382877523
7.251811972993799,6.4561018589978865
