y_test,y_pred
7.191789027075778,7.456655044738727
6.908684840302777,6.681516900736944
8.835647144215564,7.451601027339978
8.221848749616356,7.07531917364774
7.187086643357144,7.188175485986371
9.0,7.928183223421234
9.769551078621726,7.665122352681285
11.0,7.023496420397455
7.749579997691106,8.325002104982119
7.823908740944319,7.900180086687612
7.251811972993799,7.875256373869274
