y_test,y_pred
7.191789027075778,7.320878751294651
6.908684840302777,7.7294457968745975
8.835647144215564,5.7911985395070475
8.221848749616356,7.54063568317008
7.187086643357144,7.924431999810509
9.0,6.3674003635275165
9.769551078621726,7.810541267894441
11.0,7.657774536657178
7.749579997691106,8.652200184679753
7.823908740944319,6.644247347843472
7.251811972993799,6.828996446890183
