y_test,y_pred
7.191789027075778,7.097393899805235
6.908684840302777,7.7995576060906595
8.835647144215564,5.241257870607114
8.221848749616356,6.985296603276512
7.187086643357144,6.92775126483328
9.0,6.750932722694629
9.769551078621726,9.143069036620902
11.0,7.350012867466909
7.749579997691106,8.67654368971157
7.823908740944319,7.0544047519573665
7.251811972993799,6.97727159986271
