y_test,y_pred
7.191789027075778,8.067979912996913
6.908684840302777,7.575351791645351
8.835647144215564,7.6650255316394
8.221848749616356,7.450590455969483
7.187086643357144,7.594088561324588
9.0,7.272306125961385
9.769551078621726,8.012235399078314
11.0,7.987146249004146
7.749579997691106,8.479988940476616
7.823908740944319,7.292768352488206
7.251811972993799,7.6697845958747255
