y_test,y_pred
7.191789027075778,7.6094894797916455
6.908684840302777,7.383428462468691
8.835647144215564,7.6094894797916455
8.221848749616356,7.823342616475392
7.187086643357144,7.318890534775701
9.0,8.729286146742655
9.769551078621726,7.869897431659982
11.0,7.383428462468691
7.749579997691106,8.43496875681202
7.823908740944319,8.86021763076737
7.251811972993799,8.11425249221413
