y_test,y_pred
7.191789027075778,7.836873327694547
6.908684840302777,7.817364382002776
8.835647144215564,7.789419734540217
8.221848749616356,7.612634199242078
7.187086643357144,7.599265883572134
9.0,7.876507043508175
9.769551078621726,7.7496079917975225
11.0,7.821577851141821
7.749579997691106,8.18372394273679
7.823908740944319,7.876507043508175
7.251811972993799,7.805044081248298
