y_test,y_pred
7.191789027075778,8.052593040957243
6.908684840302777,7.594979544052523
8.835647144215564,7.893445690411116
8.221848749616356,7.705022470826392
7.187086643357144,7.487241225042636
9.0,7.535917677814082
9.769551078621726,7.795904783902926
11.0,7.636141757101553
7.749579997691106,8.201556441007023
7.823908740944319,7.616094484440067
7.251811972993799,7.715839938043213
