y_test,y_pred
7.191789027075778,8.24293187491659
6.908684840302777,7.506170519301295
8.835647144215564,7.9737420908728485
8.221848749616356,7.716642461575983
7.187086643357144,7.531514161334533
9.0,7.506648819711132
9.769551078621726,7.855799010349384
11.0,7.574104142844515
7.749579997691106,8.185354678720923
7.823908740944319,7.559134120282794
7.251811972993799,7.645751588679499
