y_test,y_pred
7.191789027075778,8.117204020856088
6.908684840302777,7.622208227780562
8.835647144215564,7.84310694119754
8.221848749616356,7.600567263913531
7.187086643357144,7.632251050788671
9.0,7.571942956337634
9.769551078621726,7.953948000992557
11.0,7.930537423432255
7.749579997691106,8.471857902418112
7.823908740944319,7.557187022094015
7.251811972993799,7.832478199555196
