y_test,y_pred
7.191789027075778,8.11299826560816
6.908684840302777,7.505216654390723
8.835647144215564,7.888172569944911
8.221848749616356,7.657365164128573
7.187086643357144,7.600929076501569
9.0,7.523643542353829
9.769551078621726,7.8262786689615185
11.0,7.903954227909026
7.749579997691106,8.49794374073705
7.823908740944319,7.470697145424165
7.251811972993799,7.590629527095778
