y_test,y_pred
7.191789027075778,7.836177999543684
6.908684840302777,7.834570782252049
8.835647144215564,7.835885813692354
8.221848749616356,7.831931726492565
7.187086643357144,7.826039110780815
9.0,7.721644221414202
9.769551078621726,7.835921533319247
11.0,7.8359192958948976
7.749579997691106,7.848677028632834
7.823908740944319,7.778379692912314
7.251811972993799,7.723749036435257
