y_test,y_pred
7.191789027075778,7.836727784848773
6.908684840302777,7.784691293593589
8.835647144215564,7.8350096012946295
8.221848749616356,7.801262464917733
7.187086643357144,7.800766555464999
9.0,7.263137489103292
9.769551078621726,7.835116991190992
11.0,7.835110590089056
7.749579997691106,7.853833161463679
7.823908740944319,7.105478176140864
7.251811972993799,7.247981336952292
