y_test,y_pred
7.191789027075778,8.009823934109665
6.908684840302777,7.50588222952576
8.835647144215564,7.734092388909103
8.221848749616356,7.790328077019376
7.187086643357144,7.460004372889848
9.0,7.723601344490908
9.769551078621726,7.819866050286118
11.0,7.8361009570062246
7.749579997691106,8.06859313440259
7.823908740944319,7.722430619265677
7.251811972993799,7.609572120419296
