y_test,y_pred
7.191789027075778,7.770197981079001
6.908684840302777,7.202416337622115
8.835647144215564,7.766132547688048
8.221848749616356,7.723944508834721
7.187086643357144,7.69602731287646
9.0,6.9621101063823385
9.769551078621726,7.813430294339763
11.0,7.761724724670461
7.749579997691106,8.228550388823447
7.823908740944319,6.768744920885187
7.251811972993799,7.22959914510926
