y_test,y_pred
7.191789027075778,7.811357021996824
6.908684840302777,7.6553777490077834
8.835647144215564,7.812466865451377
8.221848749616356,7.73518196878556
7.187086643357144,7.490722719641774
9.0,8.135010407318848
9.769551078621726,7.969239804789523
11.0,7.71442754237931
7.749579997691106,8.091183624010515
7.823908740944319,8.122518745745
7.251811972993799,8.102947275566285
