y_test,y_pred
7.191789027075778,7.954313587215243
6.908684840302777,7.613518722667013
8.835647144215564,7.712523207754144
8.221848749616356,7.840625731938255
7.187086643357144,7.484732775426722
9.0,7.705118527936396
9.769551078621726,7.822656721903263
11.0,7.848587222523135
7.749579997691106,7.99583537765922
7.823908740944319,7.70571178203605
7.251811972993799,7.615877345150779
