y_test,y_pred
7.191789027075778,8.27587684819358
6.908684840302777,6.779921016089605
8.835647144215564,7.625808156137205
8.221848749616356,7.772715416757162
7.187086643357144,7.286145028340891
9.0,7.278605153754029
9.769551078621726,7.954059874257655
11.0,7.998466429310105
7.749579997691106,7.939110637939166
7.823908740944319,7.2676019789177895
7.251811972993799,7.352078686145454
