y_test,y_pred
7.191789027075778,7.945347261036932
6.908684840302777,7.600302083423566
8.835647144215564,7.708844220963623
8.221848749616356,7.841792554529228
7.187086643357144,7.475938142532936
9.0,7.698316607242773
9.769551078621726,7.823239689594196
11.0,7.846735803342116
7.749579997691106,7.998161379408919
7.823908740944319,7.697636879547448
7.251811972993799,7.612991159389945
