y_test,y_pred
8.309803919971486,7.964992
7.031517051446065,7.763814
6.810790510417694,7.763814
8.795880017344075,8.652554
6.978810700930062,8.020628
9.065501548756432,8.213907
8.585026652029182,8.70292
6.667561540084395,8.020628
9.744727494896694,8.70292
7.6020599913279625,8.246558
8.769551078621726,8.70292
8.995678626217357,8.083175
7.928117992693875,8.083175
9.022276394711152,8.213907
7.455931955649724,8.246558
9.698970004336019,8.973008
