y_test,y_pred
7.191789027075778,8.292411
6.908684840302777,7.7804613
8.835647144215564,7.7624435
8.221848749616356,7.7535276
7.187086643357144,7.354931
9.0,7.2018423
9.769551078621726,7.826072
11.0,7.3875484
7.749579997691106,8.104679
7.823908740944319,7.304401
7.251811972993799,7.459258
