y_test,y_pred
7.191789027075778,8.082927
6.908684840302777,7.416485
8.835647144215564,7.391159
8.221848749616356,7.669756
7.187086643357144,7.3172083
9.0,7.076031
9.769551078621726,7.8996234
11.0,7.2333965
7.749579997691106,8.10052
7.823908740944319,7.111853
7.251811972993799,7.1207676
