y_test,y_pred
7.191789027075778,8.089018
6.908684840302777,7.796616
8.835647144215564,7.5926237
8.221848749616356,7.854673
7.187086643357144,7.306262
9.0,7.242204
9.769551078621726,7.9120526
11.0,7.299795
7.749579997691106,7.7156005
7.823908740944319,7.369892
7.251811972993799,7.2992296
