y_test,y_pred
7.191789027075778,7.9821997
6.908684840302777,7.70824
8.835647144215564,7.470119
8.221848749616356,7.6612277
7.187086643357144,7.271452
9.0,7.152995
9.769551078621726,7.877103
11.0,7.1846786
7.749579997691106,8.08741
7.823908740944319,7.250469
7.251811972993799,7.1811175
