y_test,y_pred
8.309803919971486,7.739711718731226
7.031517051446065,7.450809282983814
6.810790510417694,7.464130544280338
8.795880017344075,7.923025529204381
6.978810700930062,7.278345738246949
9.065501548756432,8.531118359038757
8.585026652029182,7.99230505623713
6.667561540084395,7.232045229041843
9.744727494896694,8.13692173969433
7.6020599913279625,7.608234837412566
8.769551078621726,8.46234440458205
