y_test,y_pred
8.309803919971486,8.291126758192059
7.031517051446065,8.301981559683925
6.810790510417694,7.774578177518999
8.795880017344075,7.911266435249494
6.978810700930062,8.317307194178541
9.065501548756432,8.291126758192059
8.585026652029182,8.291126758192059
6.667561540084395,7.259179537324443
9.744727494896694,8.317307194178541
7.6020599913279625,7.745267314294259
8.769551078621726,8.197456839737978
