y_test,y_pred
8.309803919971486,7.6483231516645
7.031517051446065,7.496537502616247
6.810790510417694,7.5436376416876465
8.795880017344075,8.250605929473483
6.978810700930062,7.670763357218267
9.065501548756432,8.304739106885359
8.585026652029182,8.032742389821308
6.667561540084395,7.4586616348324
9.744727494896694,8.417844022401612
7.6020599913279625,7.6745764693970235
8.769551078621726,8.301347546039596
