y_test,y_pred
8.309803919971486,4.859782814909854
7.031517051446065,8.033511724094069
6.810790510417694,6.492785474627295
8.795880017344075,8.928045307596905
6.978810700930062,5.150512708490808
9.065501548756432,6.981322456736959
8.585026652029182,6.692120835308805
6.667561540084395,6.8987454731408056
9.744727494896694,5.674211902832354
7.6020599913279625,4.539506718780108
8.769551078621726,6.208331033063546
