y_test,y_pred
8.309803919971486,7.835774592359883
7.031517051446065,7.627967126483844
6.810790510417694,7.390793711169087
8.795880017344075,7.7908807170355034
6.978810700930062,7.651315452836568
9.065501548756432,8.485081187556249
8.585026652029182,8.313027085173522
6.667561540084395,7.404914502580524
9.744727494896694,8.95015064632831
7.6020599913279625,8.166037120401398
8.769551078621726,8.232455454379524
