y_test,y_pred
8.309803919971486,7.862927648668684
7.031517051446065,7.40516119529489
6.810790510417694,7.6055761692899555
8.795880017344075,7.946459035502099
6.978810700930062,7.738411464717004
9.065501548756432,8.40319728978367
8.585026652029182,8.193904504217803
6.667561540084395,7.384814471405974
9.744727494896694,8.684793422102517
7.6020599913279625,8.231730834669314
8.769551078621726,8.248892585604317
