y_test,y_pred
8.309803919971486,7.78211408077029
7.031517051446065,7.620956299551238
6.810790510417694,7.529105778897127
8.795880017344075,7.727596459347185
6.978810700930062,7.534929410397783
9.065501548756432,8.560567502722073
8.585026652029182,8.189349586432213
6.667561540084395,7.319791762236009
9.744727494896694,8.654428127869835
7.6020599913279625,8.19626540339614
8.769551078621726,8.093327581205537
