y_test,y_pred
8.309803919971486,8.072895622516379
7.031517051446065,8.017342893681539
6.810790510417694,8.061346569419738
8.795880017344075,7.990231458236252
6.978810700930062,8.072895716284032
9.065501548756432,8.0728979341528
8.585026652029182,8.083589334088874
6.667561540084395,8.072895716284032
9.744727494896694,8.072895717232443
7.6020599913279625,8.072895716308176
8.769551078621726,8.072895716283794
