y_test,y_pred
8.309803919971486,7.787600698532102
7.031517051446065,7.638653437703723
6.810790510417694,7.472156742867341
8.795880017344075,7.73505393293023
6.978810700930062,7.545324545691782
9.065501548756432,8.610832379939048
8.585026652029182,8.208511434325137
6.667561540084395,7.340636084515522
9.744727494896694,8.630085655629275
7.6020599913279625,8.232371527819872
8.769551078621726,8.12446159133591
