y_test,y_pred
8.309803919971486,8.050716
7.031517051446065,7.7319403
6.810790510417694,7.7319403
8.795880017344075,7.9589863
6.978810700930062,7.761783
9.065501548756432,8.203448
8.585026652029182,7.9589863
6.667561540084395,7.6944146
9.744727494896694,8.121131
7.6020599913279625,7.6944146
8.769551078621726,8.050031
