y_test,y_pred
5.0,5.558889
8.657577319177793,6.8925934
5.0,5.826533
8.769551078621726,8.265788
5.0,5.014567
5.0,5.9655194
6.908684840302777,6.420827
5.0,5.605984
5.0,5.794838
5.0,4.8112307
8.958607314841775,7.5286145
6.810790510417694,6.458148
8.585026652029182,7.818699
5.0,5.306323
5.0,5.016813
7.991399828238083,7.363918
9.744727494896694,7.3922763
5.0,5.783932
5.0,4.926871
7.749579997691106,7.234965
5.0,5.0373554
6.978810700930062,6.8367953
5.0,5.210388
8.721246399047171,6.66838
5.0,5.4772983
7.102372908709558,7.631423
