y_test,y_pred
5.0,5.0
9.0,8.64837028415177
5.0,5.0
7.935542010773082,8.390227168020262
8.00436480540245,8.776782529044972
5.0,5.0
5.0,5.0
5.0,5.0
5.0,5.0
5.0,5.0
5.0,5.0
5.0,5.0
6.966576244513051,7.841182333126288
6.978810700930062,7.142735321635361
5.0,7.610055237632846
5.0,5.0
6.810790510417694,8.148840121613741
8.679853713888946,7.976515600065767
7.657577319177794,7.980412859693862
7.337242168318426,7.495424363502846
5.0,7.830927605634643
5.0,5.0
