y_test,y_pred
5.0,5.0
9.0,8.220570009999381
5.0,5.0
7.935542010773082,8.337768427409227
8.00436480540245,8.336143303853904
5.0,5.0
5.0,5.0
5.0,5.0
5.0,5.0
5.0,5.0
5.0,5.0
5.0,5.0
6.966576244513051,7.654901959985743
6.978810700930062,7.172555181918085
5.0,7.603146767850858
5.0,5.0
6.810790510417694,8.451714588771438
8.679853713888946,8.562092032053627
7.657577319177794,8.480694556110395
7.337242168318426,7.240531390859337
5.0,7.094472318966497
5.0,5.0
