y_test,y_pred
5.0,5.0
9.0,8.63668002200916
5.0,5.0
7.935542010773082,8.593333425875525
8.00436480540245,8.900133489748914
5.0,5.0
5.0,5.0
5.0,5.0
5.0,5.0
5.0,5.0
5.0,5.0
5.0,5.0
6.966576244513051,7.6295309233437605
6.978810700930062,7.102307572413675
5.0,7.483550612784993
5.0,5.0
6.810790510417694,8.112472794181475
8.679853713888946,8.05516651391823
7.657577319177794,7.925566316092158
7.337242168318426,7.222848695044071
5.0,7.127318510042782
5.0,5.0
