y_test,y_pred
5.0,5.0
9.0,8.59178466477421
5.0,5.0
7.935542010773082,8.592403850203597
8.00436480540245,8.454229469009428
5.0,5.0
5.0,5.0
5.0,5.0
5.0,5.0
5.0,5.0
5.0,5.0
5.0,5.0
6.966576244513051,7.828488236805636
6.978810700930062,7.11907159812763
5.0,7.422708138692018
5.0,5.0
6.810790510417694,8.385145690492946
8.679853713888946,8.075020393680727
7.657577319177794,7.875225664786137
7.337242168318426,7.297173181131555
5.0,7.422708138692018
5.0,5.0
