y_test,y_pred
5.0,5.0
9.0,8.46285469826883
5.0,5.0
7.935542010773082,8.38917420065352
8.00436480540245,9.014044111884235
5.0,5.0
5.0,5.0
5.0,5.0
5.0,5.0
5.0,5.0
5.0,5.0
5.0,5.0
6.966576244513051,7.569706664447476
6.978810700930062,7.108552208031879
5.0,7.830131615212116
5.0,5.0
6.810790510417694,8.03783364859937
8.679853713888946,7.872855451087578
7.657577319177794,7.923918959538701
7.337242168318426,7.31755996641673
5.0,7.575029887560905
5.0,5.0
