y_test,y_pred
5.0,5.0
9.0,8.567865966498893
5.0,5.0
7.935542010773082,8.505318075829859
8.00436480540245,9.040747116392035
5.0,5.0
5.0,5.0
5.0,5.0
5.0,5.0
5.0,5.0
5.0,5.0
5.0,5.0
6.966576244513051,7.81873904982388
6.978810700930062,7.133329151579707
5.0,7.920455538936211
5.0,5.0
6.810790510417694,8.221848749616356
8.679853713888946,7.97795239198442
7.657577319177794,7.97795239198442
7.337242168318426,7.285997871673261
5.0,7.920455538936211
5.0,5.0
