y_test,y_pred
5.0,5.0
9.0,8.64042739009714
5.0,5.0
7.935542010773082,8.64042739009714
8.00436480540245,8.900133489748914
5.0,5.0
5.0,5.0
5.0,5.0
5.0,5.0
5.0,5.0
5.0,5.0
5.0,5.0
6.966576244513051,7.6020599913279625
6.978810700930062,7.133329151579707
5.0,7.451255782810224
5.0,5.0
6.810790510417694,7.9527606852881805
8.679853713888946,7.946483119644126
7.657577319177794,7.943110055179858
7.337242168318426,7.207376246314673
5.0,7.028321614812944
5.0,5.0
