y_test,y_pred
5.0,5.0
9.0,8.485673869361198
5.0,5.0
7.935542010773082,8.426950178742011
8.00436480540245,8.777700752959921
5.0,5.0
5.0,5.0
5.0,5.0
5.0,5.0
5.0,5.0
5.0,5.0
5.0,5.0
6.966576244513051,7.6113799683212315
6.978810700930062,7.1466880035066165
5.0,7.464106329996915
5.0,5.0
6.810790510417694,8.02413220624069
8.679853713888946,8.02413220624069
7.657577319177794,8.02413220624069
7.337242168318426,7.271124765443044
5.0,7.569678320390671
5.0,5.0
