y_test,y_pred
5.0,5.0
9.0,8.437477946125325
5.0,5.0
7.935542010773082,8.32939493740652
8.00436480540245,8.848463175166843
5.0,5.0
5.0,5.0
5.0,5.0
5.0,5.0
5.0,5.0
5.0,5.0
5.0,5.0
6.966576244513051,7.830686858443151
6.978810700930062,7.12225040964084
5.0,7.889139062162199
5.0,5.0
6.810790510417694,8.074019912431574
8.679853713888946,8.069890907665622
7.657577319177794,8.035290373562026
7.337242168318426,7.301553991093165
5.0,7.8410262832355215
5.0,5.0
