y_test,y_pred
5.0,5.0
9.0,8.210772737671004
5.0,5.0
7.935542010773082,8.686558749512347
8.00436480540245,7.420252990039525
5.0,5.0
5.0,5.0
5.0,5.0
5.0,5.0
5.0,5.0
5.0,5.0
5.0,5.0
6.966576244513051,8.600202340785447
6.978810700930062,7.500609183515805
5.0,5.667637047354778
5.0,5.0
6.810790510417694,8.842598255817745
8.679853713888946,7.508794241223582
7.657577319177794,8.62055859093161
7.337242168318426,7.500609183515805
5.0,5.350847422235675
5.0,5.0
