y_test,y_pred
5.0,5.1639576
9.0,7.8820667
5.0,5.187877
7.935542010773082,7.4461884
8.00436480540245,7.3589005
5.0,5.2330217
5.0,5.001354
5.0,5.3534846
5.0,5.130223
5.0,5.6360273
5.0,5.234148
5.0,5.4951434
6.966576244513051,8.165922
6.978810700930062,6.7376027
5.0,5.7206097
5.0,5.086539
6.810790510417694,8.301744
8.679853713888946,8.401266
7.657577319177794,7.649387
7.337242168318426,7.5800447
5.0,5.7413783
5.0,5.726523
