y_test,y_pred
5.0,5.1144896
9.0,8.110986
5.0,5.2370124
7.935542010773082,8.40682
8.00436480540245,7.9663944
5.0,5.2214622
5.0,4.932714
5.0,5.396071
5.0,5.0963583
5.0,5.917607
5.0,5.267195
5.0,5.7524133
6.966576244513051,7.571312
6.978810700930062,6.916712
5.0,5.839278
5.0,5.0833898
6.810790510417694,7.7434254
8.679853713888946,7.46902
7.657577319177794,7.214782
7.337242168318426,7.6747184
5.0,5.858707
5.0,6.1239166
