y_test,y_pred
5.0,4.9617405
9.0,7.636131
5.0,5.0983195
7.935542010773082,7.4697447
8.00436480540245,7.6398053
5.0,5.3740406
5.0,5.022621
5.0,5.5845966
5.0,4.9461226
5.0,5.894537
5.0,5.165004
5.0,5.6843953
6.966576244513051,7.8300233
6.978810700930062,6.6215024
5.0,5.951234
5.0,5.0920386
6.810790510417694,8.120282
8.679853713888946,8.116723
7.657577319177794,7.8705893
7.337242168318426,7.382286
5.0,5.925016
5.0,5.9994297
