y_test,y_pred
5.0,5.170475
9.0,7.6808305
5.0,5.0234265
7.935542010773082,8.036734
8.00436480540245,7.944572
5.0,5.178822
5.0,4.9699636
5.0,5.3970003
5.0,4.9418483
5.0,5.673068
5.0,5.1407175
5.0,5.4424205
6.966576244513051,7.6156235
6.978810700930062,6.935629
5.0,5.629358
5.0,5.0241737
6.810790510417694,7.8555813
8.679853713888946,7.830824
7.657577319177794,7.721815
7.337242168318426,7.1337914
5.0,5.3785563
5.0,5.9757953
