y_test,y_pred
5.0,5.2927814
9.0,8.151515
5.0,4.895418
7.935542010773082,7.072719
8.00436480540245,8.309685
5.0,5.0401807
5.0,4.875258
5.0,5.7959523
5.0,4.9479556
5.0,6.3508453
5.0,5.2711043
5.0,5.6977158
6.966576244513051,7.145844
6.978810700930062,7.115362
5.0,5.799647
5.0,4.905005
6.810790510417694,7.899196
8.679853713888946,7.9814553
7.657577319177794,6.9559608
7.337242168318426,7.339741
5.0,5.6786685
5.0,5.7561193
