y_test,y_pred
5.0,5.135731
9.0,7.2322407
5.0,5.030618
7.935542010773082,7.980044
8.00436480540245,7.2823515
5.0,5.008012
5.0,5.021013
5.0,4.9977
5.0,5.185014
5.0,5.590875
5.0,5.0039363
5.0,5.9961286
6.966576244513051,7.9286795
6.978810700930062,7.1763587
5.0,5.775152
5.0,5.0091977
6.810790510417694,7.874318
8.679853713888946,8.134353
7.657577319177794,7.8797603
7.337242168318426,6.935672
5.0,5.6817703
5.0,6.3856897
