y_test,y_pred
5.0,5.279037
9.0,7.69001
5.0,5.184477
7.935542010773082,7.660401
8.00436480540245,7.591731
5.0,5.2008038
5.0,4.953054
5.0,5.458601
5.0,5.0500336
5.0,5.6837864
5.0,5.0830774
5.0,5.911685
6.966576244513051,7.6027904
6.978810700930062,6.819185
5.0,5.70529
5.0,5.0700684
6.810790510417694,7.5427036
8.679853713888946,8.244572
7.657577319177794,7.6681976
7.337242168318426,7.2531314
5.0,5.5661407
5.0,5.8476405
