y_test,y_pred
5.0,5.107584
9.0,7.4265566
5.0,5.1511827
7.935542010773082,7.9396877
8.00436480540245,7.3973613
5.0,5.1614056
5.0,4.9707265
5.0,5.162134
5.0,5.1915855
5.0,5.3607264
5.0,5.047864
5.0,5.6294966
6.966576244513051,7.7360945
6.978810700930062,6.7490106
5.0,5.595619
5.0,5.0199494
6.810790510417694,7.990247
8.679853713888946,8.071143
7.657577319177794,8.104813
7.337242168318426,7.059801
5.0,5.4568295
5.0,6.055848
