y_test,y_pred
5.0,5.4008284
9.0,8.102409
5.0,5.228089
7.935542010773082,8.219545
8.00436480540245,8.044802
5.0,5.1224213
5.0,4.9538875
5.0,5.241473
5.0,5.1203275
5.0,5.556521
5.0,5.09284
5.0,5.7557087
6.966576244513051,7.5347056
6.978810700930062,6.9898396
5.0,5.591805
5.0,5.1524663
6.810790510417694,7.6045327
8.679853713888946,8.026657
7.657577319177794,7.7436767
7.337242168318426,7.447582
5.0,5.539001
5.0,5.614951
