y_test,y_pred
5.0,5.1902485
9.0,8.475967
5.0,5.0146446
7.935542010773082,8.294457
8.00436480540245,8.169477
5.0,5.068046
5.0,4.9709716
5.0,5.1701994
5.0,4.9289308
5.0,5.7502966
5.0,5.2386665
5.0,5.8462095
6.966576244513051,7.6428022
6.978810700930062,6.868862
5.0,5.8630033
5.0,5.279957
6.810790510417694,7.8718147
8.679853713888946,7.675814
7.657577319177794,7.3803463
7.337242168318426,7.3405633
5.0,5.6671243
5.0,5.846405
