y_test,y_pred
5.0,5.2421727
9.0,8.365966
5.0,5.0244927
7.935542010773082,7.7917833
8.00436480540245,8.317202
5.0,5.07391
5.0,4.9904976
5.0,5.151994
5.0,4.9539146
5.0,5.5876327
5.0,5.0660005
5.0,5.6694684
6.966576244513051,7.7965307
6.978810700930062,6.9618783
5.0,5.563072
5.0,5.0149527
6.810790510417694,7.817143
8.679853713888946,8.018949
7.657577319177794,7.2856274
7.337242168318426,7.5664177
5.0,5.3996487
5.0,5.654805
