y_test,y_pred
5.0,5.334872
9.0,8.493363
5.0,5.172654
7.935542010773082,7.64978
8.00436480540245,7.867977
5.0,5.1580367
5.0,4.9727407
5.0,5.3159385
5.0,5.0942683
5.0,5.794903
5.0,5.2252054
5.0,6.0665503
6.966576244513051,7.6675167
6.978810700930062,6.873594
5.0,5.719005
5.0,5.400739
6.810790510417694,7.7619324
8.679853713888946,7.7600822
7.657577319177794,7.3621645
7.337242168318426,7.291635
5.0,5.71235
5.0,5.995229
