y_test,y_pred
6.679853713888946,7.436800296035398
8.769551078621726,7.559991921690151
7.458420756053419,7.455931955649724
7.657577319177794,7.166172606947308
9.096910013008056,8.955792278950936
7.031517051446065,7.749992031917063
6.966576244513051,8.76972160173216
7.481486060122113,7.351720884621299
9.065501548756432,8.92584268549348
6.810790510417694,7.619942320722681
6.443697499232713,7.619942320722681
