y_test,y_pred
6.679853713888946,7.697115453580172
8.769551078621726,7.860080074076876
7.458420756053419,7.1153113369619305
7.657577319177794,7.272181741842932
9.096910013008056,8.7794788247376
7.031517051446065,7.709107488282205
6.966576244513051,8.397489679898525
7.481486060122113,7.618291167366097
9.065501548756432,8.839560231884516
6.810790510417694,7.772730007517591
6.443697499232713,7.795880017344075
