y_test,y_pred
6.679853713888946,7.793670248237338
8.769551078621726,7.931830001733478
7.458420756053419,8.205813049744531
7.657577319177794,7.125450493436161
9.096910013008056,8.53148042610066
7.031517051446065,7.444463472300989
6.966576244513051,8.588289171025401
7.481486060122113,7.895390579128285
9.065501548756432,8.53148042610066
6.810790510417694,7.309207906762495
6.443697499232713,7.092503902447802
