y_test,y_pred
6.679853713888946,7.865504125503281
8.769551078621726,7.672233896934332
7.458420756053419,7.999091651962201
7.657577319177794,7.319543401030572
9.096910013008056,8.58007132566352
7.031517051446065,7.989000350777456
6.966576244513051,8.159902781738358
7.481486060122113,7.8622402013643455
9.065501548756432,8.461555895535282
6.810790510417694,7.532609313235136
6.443697499232713,7.985841132226173
