y_test,y_pred
6.679853713888946,7.84831704431312
8.769551078621726,7.804813869280862
7.458420756053419,7.802780493163228
7.657577319177794,7.275672870689485
9.096910013008056,8.515542208314027
7.031517051446065,8.03877030208004
6.966576244513051,8.11426521797048
7.481486060122113,7.9570620224261095
9.065501548756432,8.679003994248674
6.810790510417694,7.327897246557201
6.443697499232713,8.110707873736107
