y_test,y_pred
6.679853713888946,7.902985764300502
8.769551078621726,7.859377404766533
7.458420756053419,7.881551801255189
7.657577319177794,7.48805992741234
9.096910013008056,8.488668122876744
7.031517051446065,8.059962766520737
6.966576244513051,8.403386078291181
7.481486060122113,7.6931730833122245
9.065501548756432,8.600351022376245
6.810790510417694,7.637882685305222
6.443697499232713,8.049391043022693
