y_test,y_pred
6.679853713888946,7.993271945369757
8.769551078621726,7.726959221681051
7.458420756053419,7.48920819276602
7.657577319177794,7.407999202108394
9.096910013008056,8.356880210709779
7.031517051446065,7.909299803365361
6.966576244513051,8.105487401901838
7.481486060122113,7.991713263406041
9.065501548756432,8.698305065352576
6.810790510417694,7.776237015876313
6.443697499232713,7.949664312327493
