y_test,y_pred
6.679853713888946,6.977115706619501
8.769551078621726,8.265445684065483
7.458420756053419,8.584953741838389
7.657577319177794,7.626504248414083
9.096910013008056,7.656077595029819
7.031517051446065,7.724934966042045
6.966576244513051,8.152577727424186
7.481486060122113,7.72613940600207
9.065501548756432,8.362138223106438
6.810790510417694,7.4015210179878315
6.443697499232713,7.547269662211166
