y_test,y_pred
6.679853713888946,7.631346686532673
8.769551078621726,8.048529065937078
7.458420756053419,8.427506477271525
7.657577319177794,8.276158671283588
9.096910013008056,8.212457369094007
7.031517051446065,7.892064158153285
6.966576244513051,8.260873043137476
7.481486060122113,8.085847930065961
9.065501548756432,8.203977862484903
6.810790510417694,8.042217993567458
6.443697499232713,7.787084987864601
