y_test,y_pred
6.679853713888946,7.324263476488463
8.769551078621726,8.520447866025739
7.458420756053419,8.316989212894578
7.657577319177794,7.842904989960738
9.096910013008056,8.201316732746333
7.031517051446065,7.7925460760051575
6.966576244513051,7.9586832944545876
7.481486060122113,8.150836577366139
9.065501548756432,8.554128752103619
6.810790510417694,7.815867206372124
6.443697499232713,7.299135723523918
