y_test,y_pred
6.679853713888946,7.675285902822553
8.769551078621726,8.049091007057006
7.458420756053419,7.91077789433689
7.657577319177794,7.7868887016819235
9.096910013008056,8.079143279331698
7.031517051446065,7.945646287100039
6.966576244513051,8.394442699822394
7.481486060122113,8.109690954282913
9.065501548756432,8.94920942168489
6.810790510417694,7.636680763404376
6.443697499232713,7.1785969209561875
