y_test,y_pred
6.679853713888946,7.675285902822553
8.769551078621726,8.074041803272795
7.458420756053419,7.755470726377047
7.657577319177794,7.947351409071982
9.096910013008056,8.131711391516639
7.031517051446065,7.979360058625417
6.966576244513051,8.359897009744254
7.481486060122113,8.085128768670838
9.065501548756432,8.386869996877994
6.810790510417694,7.5879866977997485
6.443697499232713,7.218787733482044
