y_test,y_pred
6.679853713888946,7.675285902822553
8.769551078621726,8.049091007057006
7.458420756053419,7.91077789433689
7.657577319177794,8.04534377084244
9.096910013008056,8.131711391516637
7.031517051446065,7.979360058625416
6.966576244513051,8.394442699822394
7.481486060122113,8.109690954282913
9.065501548756432,8.648727128076706
6.810790510417694,7.587986697799748
6.443697499232713,7.1785969209561875
