y_test,y_pred
6.679853713888946,6.293042063056195
8.769551078621726,7.931663060501904
7.458420756053419,7.514384484913522
7.657577319177794,7.389784011587847
9.096910013008056,8.390997299228584
7.031517051446065,7.261739806761456
6.966576244513051,6.660863384927414
7.481486060122113,8.447490900042853
9.065501548756432,8.315180255333173
6.810790510417694,7.066645642876571
6.443697499232713,7.5873703525246965
