y_test,y_pred
6.679853713888946,7.3170255719053685
8.769551078621726,8.540990201714521
7.458420756053419,7.754897371346246
7.657577319177794,6.956199297277128
9.096910013008056,8.388888918785582
7.031517051446065,7.876440812504191
6.966576244513051,8.138234136125595
7.481486060122113,8.08277316619528
9.065501548756432,8.405815945956778
6.810790510417694,6.633350559296223
6.443697499232713,7.208698120094982
