y_test,y_pred
6.679853713888946,7.463611393069445
8.769551078621726,7.029267201017142
7.458420756053419,9.037418817465975
7.657577319177794,6.7489825151593426
9.096910013008056,7.008174567344283
7.031517051446065,7.466116161517353
6.966576244513051,6.734917377819345
7.481486060122113,6.457441425706855
9.065501548756432,7.844123429034007
6.810790510417694,5.835073154652018
6.443697499232713,6.463228494446265
