y_test,y_pred
6.679853713888946,6.538984175901754
8.769551078621726,5.923615178711346
7.458420756053419,9.58880743052086
7.657577319177794,6.275244315691783
9.096910013008056,6.930981133024333
7.031517051446065,5.304830583990876
6.966576244513051,6.058008976197329
7.481486060122113,4.162665947492474
9.065501548756432,8.195424339363022
6.810790510417694,5.821191573951123
6.443697499232713,5.7973693524872365
