y_test,y_pred
6.679853713888946,7.41170074957489
8.769551078621726,7.793176605203241
7.458420756053419,8.490253369131407
7.657577319177794,7.140755251417594
9.096910013008056,8.347565144548003
7.031517051446065,7.793176605203241
6.966576244513051,7.140755251417594
7.481486060122113,7.267082383109546
9.065501548756432,7.318671666413613
6.810790510417694,7.154590916460788
6.443697499232713,7.571310701239638
