y_test,y_pred
6.679853713888946,7.533198149352587
8.769551078621726,8.30475170608661
7.458420756053419,8.131484306760287
7.657577319177794,8.015809071423115
9.096910013008056,7.6172027479303175
7.031517051446065,7.907879091505654
6.966576244513051,8.373522456811244
7.481486060122113,8.446141214826243
9.065501548756432,8.415735797028091
6.810790510417694,8.02939195468934
6.443697499232713,7.5755063889821574
