y_test,y_pred
6.679853713888946,7.320752722370164
8.769551078621726,8.627940371422659
7.458420756053419,8.044968784594872
7.657577319177794,7.978479291326223
9.096910013008056,8.128033995874935
7.031517051446065,7.817621855381261
6.966576244513051,7.944196472926557
7.481486060122113,7.973182250116889
9.065501548756432,8.740597400651783
6.810790510417694,7.225616670707132
6.443697499232713,7.85637886841128
