y_test,y_pred
6.679853713888946,7.636723
8.769551078621726,8.214562
7.458420756053419,7.9388924
7.657577319177794,7.3263116
9.096910013008056,8.557632
7.031517051446065,8.079209
6.966576244513051,8.567265
7.481486060122113,8.184412
9.065501548756432,8.8370075
6.810790510417694,7.7333345
6.443697499232713,7.7386856
