y_test,y_pred
6.679853713888946,7.7905374
8.769551078621726,8.00292
7.458420756053419,7.7274365
7.657577319177794,6.959764
9.096910013008056,8.58257
7.031517051446065,8.08288
6.966576244513051,8.834095
7.481486060122113,8.26434
9.065501548756432,8.847453
6.810790510417694,7.843549
6.443697499232713,7.9682727
