y_test,y_pred
6.679853713888946,7.886399
8.769551078621726,7.5681834
7.458420756053419,7.4554667
7.657577319177794,6.986252
9.096910013008056,8.432429
7.031517051446065,7.929845
6.966576244513051,8.7365
7.481486060122113,7.8513155
9.065501548756432,8.630888
6.810790510417694,7.735382
6.443697499232713,7.7506504
