y_test,y_pred
6.679853713888946,7.8208604
8.769551078621726,8.005015
7.458420756053419,7.3164654
7.657577319177794,7.392913
9.096910013008056,8.430858
7.031517051446065,8.030454
6.966576244513051,8.803463
7.481486060122113,7.9997125
9.065501548756432,8.752931
6.810790510417694,7.7864256
6.443697499232713,7.5458837
