y_test,y_pred
6.679853713888946,7.4306817
8.769551078621726,7.710503
7.458420756053419,7.7387514
7.657577319177794,7.6688204
9.096910013008056,8.193477
7.031517051446065,7.710503
6.966576244513051,7.6688204
7.481486060122113,7.4306817
9.065501548756432,7.4306817
6.810790510417694,7.284638
6.443697499232713,7.689119
