y_test,y_pred
8.309803919971486,8.261615769949413
7.031517051446065,7.92678898668112
6.810790510417694,7.817502017728995
8.795880017344075,7.790167437909474
6.978810700930062,8.277845008669404
9.065501548756432,8.398390972542108
8.585026652029182,8.079645430280518
6.667561540084395,7.800331849934052
9.744727494896694,8.372432075662271
7.6020599913279625,8.30276662200676
8.769551078621726,8.350572084694972
