y_test,y_pred
8.309803919971486,8.24536829191806
7.031517051446065,7.893963721817232
6.810790510417694,7.479901939305716
8.795880017344075,7.731137428246592
6.978810700930062,8.277068942511049
9.065501548756432,8.384257616155981
8.585026652029182,7.928117992693875
6.667561540084395,7.758434654141961
9.744727494896694,8.079756901634202
7.6020599913279625,8.086627463298855
8.769551078621726,8.433558782940814
