y_test,y_pred
8.309803919971486,8.307229683836402
7.031517051446065,7.778459015716769
6.810790510417694,7.537740003601983
8.795880017344075,7.8657139978489266
6.978810700930062,8.037475248886473
9.065501548756432,8.363940938767557
8.585026652029182,8.117972962826085
6.667561540084395,7.683249229142131
9.744727494896694,8.339367701098002
7.6020599913279625,8.257454191097253
8.769551078621726,8.387837313642478
