y_test,y_pred
8.309803919971486,8.32833938674868
7.031517051446065,7.188035722301741
6.810790510417694,7.150418880197176
8.795880017344075,7.94983369876804
6.978810700930062,7.287871780005877
9.065501548756432,8.707525528410127
8.585026652029182,8.234580607206038
6.667561540084395,7.147471706346732
9.744727494896694,8.55873685809645
7.6020599913279625,7.388288191997204
8.769551078621726,8.188345737335986
