y_test,y_pred
8.309803919971486,7.809215788307191
7.031517051446065,7.883140501402328
6.810790510417694,7.883140501402328
8.795880017344075,7.974705864415265
6.978810700930062,7.944537775083647
9.065501548756432,8.236375995098225
8.585026652029182,8.105958654050719
6.667561540084395,8.013557842449835
9.744727494896694,8.105958654050719
7.6020599913279625,8.236375995098225
8.769551078621726,8.211466856154491
