y_test,y_pred
8.309803919971486,8.241666088597007
7.031517051446065,7.797141961160076
6.810790510417694,7.754307103890039
8.795880017344075,7.68972683511658
6.978810700930062,8.125357779228036
9.065501548756432,8.630830915717679
8.585026652029182,8.028191167148789
6.667561540084395,7.987760231587634
9.744727494896694,8.6521585577648
7.6020599913279625,8.632771856868034
8.769551078621726,8.556665067872322
