y_test,y_pred
8.309803919971486,8.007720299406087
7.031517051446065,7.977338828116168
6.810790510417694,7.704147654915588
8.795880017344075,7.977338828116168
6.978810700930062,8.052278025550569
9.065501548756432,8.513507500208915
8.585026652029182,8.273110694457502
6.667561540084395,7.993288969397613
9.744727494896694,8.547897209667232
7.6020599913279625,8.589714823378074
8.769551078621726,8.16789295772744
