y_test,y_pred
8.309803919971486,8.204154274440175
7.031517051446065,8.01381203892601
6.810790510417694,7.707296947451283
8.795880017344075,8.025240237979373
6.978810700930062,8.511936209786333
9.065501548756432,8.365037140137261
8.585026652029182,8.054315307028103
6.667561540084395,7.670563901417388
9.744727494896694,8.809442033149056
7.6020599913279625,9.124143111939818
8.769551078621726,8.684094349902802
