y_test,y_pred
8.309803919971486,6.017981282456637
7.031517051446065,6.204498502603254
6.810790510417694,5.749583456803196
8.795880017344075,8.826315453094233
6.978810700930062,4.5784959613859515
9.065501548756432,8.413217562641842
8.585026652029182,7.75167011160037
6.667561540084395,5.728935394499692
9.744727494896694,10.445827256941824
7.6020599913279625,3.838941879150296
8.769551078621726,6.160585148822353
