y_test,y_pred
8.309803919971486,6.746565067271089
7.031517051446065,7.521686441755528
6.810790510417694,6.892575735742475
8.795880017344075,8.050980573452682
6.978810700930062,4.742121159595072
9.065501548756432,7.618283818694554
8.585026652029182,7.2882173205883065
6.667561540084395,5.796130501127155
9.744727494896694,9.500273218643658
7.6020599913279625,4.607398726787049
8.769551078621726,5.653550595096433
