y_test,y_pred
8.309803919971486,8.222329713367301
7.031517051446065,7.733795420432326
6.810790510417694,7.8401491168810535
8.795880017344075,7.897840728505489
6.978810700930062,7.742491455585406
9.065501548756432,8.447254989601012
8.585026652029182,8.127772481149844
6.667561540084395,7.846619576340551
9.744727494896694,8.484132022282544
7.6020599913279625,8.315795546601073
8.769551078621726,8.363361866513152
