y_test,y_pred
8.309803919971486,8.295988404761527
7.031517051446065,7.877591345027668
6.810790510417694,8.042352992780376
8.795880017344075,8.071042184359902
6.978810700930062,8.184147529389648
9.065501548756432,8.095814930710612
8.585026652029182,7.877591345027668
6.667561540084395,7.5949469951259605
9.744727494896694,8.114463425439666
7.6020599913279625,7.895123359623054
8.769551078621726,8.295988404761527
