y_test,y_pred
8.309803919971486,7.771600423722726
7.031517051446065,7.62242113447335
6.810790510417694,7.504037729848545
8.795880017344075,7.715225407997855
6.978810700930062,7.533093452249753
9.065501548756432,8.570086134058153
8.585026652029182,8.211600809419537
6.667561540084395,7.315836949397821
9.744727494896694,8.667199251052825
7.6020599913279625,8.145075067773616
8.769551078621726,8.0234625465553
