y_test,y_pred
8.309803919971486,7.738437777728561
7.031517051446065,7.614438313124048
6.810790510417694,7.547921743941469
8.795880017344075,7.7979891367128
6.978810700930062,7.581252799995869
9.065501548756432,8.572284547159075
8.585026652029182,8.263669983685208
6.667561540084395,7.331841079825871
9.744727494896694,8.615330573690494
7.6020599913279625,8.132531223153759
8.769551078621726,8.06892522012164
