Model,PC,MSE,R2,Q2,MAE,Best Params,R2+Q2,Vote sum,R2-Q2,Vote diff,Vote,(R2+Q2)-(R2-Q2)
Random Forest,5,0.923325682379016,0.7722804819625498,0.2522512078602982,0.7671985833556293,"{'bootstrap': True, 'criterion': 'squared_error', 'max_depth': 5, 'max_features': 'sqrt', 'max_samples': None, 'min_samples_leaf': 2, 'min_samples_split': 5, 'n_estimators': 50}",1.024531689822848,1,0.5200292741022516,3,4,0.5045024157205964
AdaBoost,5,0.8729858110282857,0.960962557399979,0.293018597652804,0.7190597030468505,"{'learning_rate': 0.1, 'n_estimators': 200}",1.253981155052783,1,0.667943959747175,4,5,0.586037195305608
XGBoost,5,0.8293602269522681,0.9717400974979762,0.3283484692482531,0.6983312749563605,"{'colsample_bytree': 0.8, 'learning_rate': 0.05, 'max_depth': 5, 'n_estimators': 100, 'reg_alpha': 0.5, 'reg_lambda': 0.5, 'subsample': 0.8}",1.3000885667462292,1,0.6433916282497231,2,3,0.6566969384965061
MLP,1,1.0466472896242716,0.4064922967462103,0.1523800739557681,0.8636919410142799,"{'alpha': 0.01, 'hidden_layer_sizes': (100, 100), 'learning_rate_init': 0.001}",0.5588723707019784,2,0.2541122227904422,1,3,0.30476014791153616
KNN,9,0.8914675257312721,0.5844339513924229,0.2780513113424944,0.7858329878131035,"{'metric': 'manhattan', 'n_neighbors': 3, 'weights': 'uniform'}",0.8624852627349173,1,0.30638264004992855,7,8,0.5561026226849888
Gradient Boosting,5,0.7940979545752688,0.8276905858211833,0.3569053718463322,0.7046079738054061,"{'learning_rate': 0.05, 'max_depth': 3, 'min_samples_leaf': 4, 'min_samples_split': 10, 'n_estimators': 50, 'subsample': 0.8}",1.1845959576675154,1,0.47078521397485107,1,2,0.7138107436926643
SVR,3,0.9839571640854072,0.5928622512089711,0.2031492300026262,0.798566693184232,"{'C': 1, 'gamma': 'scale', 'kernel': 'rbf'}",0.7960114812115973,20,0.3897130212063449,3,23,0.4062984600052524
