Model,PC,MSE,R2,Q2,MAE,Best Params
KNN,1,5.076018437818088,0.5011536684705942,0.0563404956191679,1.986169450470808,{'n_neighbors': 3}
KNN,2,4.488021131451301,0.3477299706262847,0.1656524009048893,1.92010240413444,{'n_neighbors': 5}
KNN,3,3.3272539131910297,0.5270604508916882,0.3814453558169771,1.5653873960135856,{'n_neighbors': 3}
KNN,4,3.978215332387892,0.2326523838061392,0.2604280786468015,1.8152393606372264,{'n_neighbors': 5}
KNN,5,4.259798383466303,0.1114437054412459,0.2080802541308378,1.9329014295017075,{'n_neighbors': 7}
KNN,6,4.181388717510798,0.2035327951052093,0.2226570385575791,1.8567008534458744,{'n_neighbors': 5}
KNN,7,3.4287308032093504,0.1685888980831195,0.3625802486638284,1.6763448001217462,{'n_neighbors': 7}
KNN,8,3.879136470224244,0.2155124978205405,0.2788473793466142,1.810393122039831,{'n_neighbors': 7}
KNN,9,3.5772652663151274,0.2010504555781795,0.3349668820941592,1.7288431707169034,{'n_neighbors': 7}
KNN,10,3.245680639092386,0.1583616537776555,0.3966102722469766,1.5575781360702126,{'n_neighbors': 7}
KNN,11,2.931087376245342,0.2582609332925026,0.4550948751176074,1.4507285713931035,{'n_neighbors': 5}
KNN,12,1.9135332589575609,0.4524168525706832,0.6442637336951212,1.1536760284890055,{'n_neighbors': 3}
KNN,13,3.2930211480996774,0.2005050322030331,0.3878094135002619,1.6655416934281284,{'n_neighbors': 7}
KNN,14,3.373471684535207,0.1723834648351377,0.372853220123518,1.7283648157176954,{'n_neighbors': 7}
KNN,15,3.485782198740692,0.1757441608002136,0.3519740831640667,1.688540322894346,{'n_neighbors': 7}
KNN,16,3.5330527395447704,0.1674286213025756,0.343186231887828,1.7302807826858142,{'n_neighbors': 7}
KNN,17,3.659859301486053,0.1612421401045015,0.3196122006151629,1.7606938451033118,{'n_neighbors': 7}
KNN,18,3.7310910493142018,0.17864776350159384,0.3063698303056128,1.7797371836590707,{'n_neighbors': 7}
