Model,PC,MSE,R2,Q2,MAE,Best Params,R2+Q2,Vote sum,R2-Q2,Vote diff,Vote,(R2+Q2)-(R2-Q2)
Random Forest,25,0.8774756783660237,0.6868608692466557,0.1579338579220288,0.8472703165166239,"{'bootstrap': True, 'criterion': 'squared_error', 'max_depth': 3, 'max_features': 'sqrt', 'max_samples': None, 'min_samples_leaf': 2, 'min_samples_split': 5, 'n_estimators': 50}",0.8447947271686844,2,0.5289270113246269,15,17,0.3158677158440575
AdaBoost,14,0.9044456728639606,0.944222296922782,0.1320522069786865,0.7556817975896193,"{'learning_rate': 0.1, 'n_estimators': 200}",1.0762745039014685,1,0.8121700899440956,4,5,0.26410441395737294
XGBoost,7,0.7677609490216172,0.8948166779901962,0.2632211737371067,0.7410399494005419,"{'colsample_bytree': 0.8, 'learning_rate': 0.05, 'max_depth': 5, 'n_estimators': 50, 'subsample': 0.8}",1.158037851727303,1,0.6315955042530894,1,2,0.5264423474742135
MLP,1,0.94878575222966,0.1089064672974651,0.089501421251574,0.8508124692546266,"{'alpha': 0.01, 'hidden_layer_sizes': (100,), 'learning_rate_init': 0.01}",0.1984078885490391,4,0.019405046045891106,1,5,0.179002842503148
KNN,28,0.6314044665009134,0.5338416648298374,0.3940751449803251,0.65801435652925,"{'metric': 'manhattan', 'n_neighbors': 3, 'weights': 'uniform'}",0.9279168098101624,1,0.13976651984951233,13,14,0.7881502899606501
Gradient Boosting,14,0.8378026481684108,0.982513485802606,0.1960059279596345,0.72329771743417,"{'learning_rate': 0.1, 'max_depth': 3, 'min_samples_leaf': 2, 'min_samples_split': 5, 'n_estimators': 50, 'subsample': 0.8}",1.1785194137622406,1,0.7865075578429714,12,13,0.3920118559192691
SVR,7,0.7418617854687368,0.8082554905176071,0.2880752059042788,0.7022453969822277,"{'C': 1, 'gamma': 'auto', 'kernel': 'rbf'}",1.096330696421886,1,0.5201802846133283,28,29,0.5761504118085576
