y_test,y_pred
6.679853713888946,7.2372053520380195
8.769551078621726,8.078244599589986
7.458420756053419,8.309803919971486
7.657577319177794,7.394366601843938
9.096910013008056,8.005170076791824
7.031517051446065,7.91795119688074
6.966576244513051,8.160670572358622
7.481486060122113,7.581731817087422
9.065501548756432,7.806105786292482
6.810790510417694,7.085291889189458
6.443697499232713,6.926364231652654
