y_test,y_pred
6.679853713888946,7.848207041188986
8.769551078621726,7.82237056685255
7.458420756053419,8.076139756807349
7.657577319177794,7.209079237476729
9.096910013008056,8.07497841269265
7.031517051446065,7.642924963022955
6.966576244513051,8.503995384182442
7.481486060122113,7.795880017344075
9.065501548756432,8.747671744615474
6.810790510417694,7.563461595870765
6.443697499232713,7.057924156116863
