y_test,y_pred
6.679853713888946,7.591534781282232
8.769551078621726,7.696852331160961
7.458420756053419,7.856374478814916
7.657577319177794,7.274699894181524
9.096910013008056,8.839052430414323
7.031517051446065,8.054234736300668
6.966576244513051,8.41040007950434
7.481486060122113,7.666485427051579
9.065501548756432,8.861934399010876
6.810790510417694,7.760316392346221
6.443697499232713,8.131343295129481
