y_test,y_pred
6.679853713888946,7.105548174398937
8.769551078621726,7.974621681657198
7.458420756053419,8.014515365358696
7.657577319177794,7.044467773584979
9.096910013008056,8.30134925403197
7.031517051446065,7.406999382245628
6.966576244513051,7.925981707530263
7.481486060122113,7.634053619653601
9.065501548756432,7.691450606191072
6.810790510417694,7.095846125505933
6.443697499232713,7.114452529996842
