y_test,y_pred
6.679853713888946,7.723194306644139
8.769551078621726,7.781307542332528
7.458420756053419,8.05336345025238
7.657577319177794,7.1145878078810165
9.096910013008056,7.84331190846502
7.031517051446065,7.632579243928616
6.966576244513051,8.638908339854614
7.481486060122113,7.665544332944328
9.065501548756432,8.338949890227111
6.810790510417694,7.615093180992484
6.443697499232713,7.220370999902138
