y_test,y_pred
6.679853713888946,7.08786276889956
8.769551078621726,8.383491326216603
7.458420756053419,8.171377619791352
7.657577319177794,7.738484417775343
9.096910013008056,7.748120713686356
7.031517051446065,8.1635252768441
6.966576244513051,8.088639898045797
7.481486060122113,8.0070483397618
9.065501548756432,8.614786374022325
6.810790510417694,7.655629549554414
6.443697499232713,7.205313396572505
