y_test,y_pred
6.679853713888946,7.76015151003378
8.769551078621726,7.425344171707218
7.458420756053419,7.640699603202144
7.657577319177794,7.357792529316447
9.096910013008056,8.57554859726589
7.031517051446065,7.819649375238213
6.966576244513051,7.6715337983250125
7.481486060122113,7.914977159010263
9.065501548756432,8.33394879916356
6.810790510417694,7.4575961607882855
6.443697499232713,7.636968332238761
