y_test,y_pred
6.679853713888946,7.926404104595424
8.769551078621726,7.524460413735181
7.458420756053419,7.549998128094886
7.657577319177794,7.269983019216942
9.096910013008056,8.460030354099214
7.031517051446065,7.920744235124453
6.966576244513051,8.133801097625568
7.481486060122113,7.740329607057458
9.065501548756432,8.665826188529564
6.810790510417694,7.694945232755082
6.443697499232713,7.764041853996354
