y_test,y_pred
6.679853713888946,7.133550094964805
8.769551078621726,7.517077263581082
7.458420756053419,7.975849082285014
7.657577319177794,7.359377856072026
9.096910013008056,8.070718017544879
7.031517051446065,7.146426686318812
6.966576244513051,7.6798521469091074
7.481486060122113,7.70551363155177
9.065501548756432,7.699845725500821
6.810790510417694,6.987064824428814
6.443697499232713,7.73489337919896
