y_test,y_pred
6.679853713888946,7.879248611328524
8.769551078621726,7.838432073964552
7.458420756053419,7.534321605505744
7.657577319177794,7.422201927732807
9.096910013008056,8.594669909349948
7.031517051446065,8.099805463584744
6.966576244513051,8.257714037906641
7.481486060122113,8.11268766102345
9.065501548756432,8.573802492925727
6.810790510417694,7.655073524419317
6.443697499232713,7.949244090666317
