y_test,y_pred
6.679853713888946,7.324263476488463
8.769551078621726,8.520447866025739
7.458420756053419,9.28067838194314
7.657577319177794,8.190893182888988
9.096910013008056,8.201316732746335
7.031517051446065,7.780947686609619
6.966576244513051,8.678847154264869
7.481486060122113,7.930545049214385
9.065501548756432,8.554128752103619
6.810790510417694,7.723941101860258
6.443697499232713,8.218306213280007
