y_test,y_pred
6.679853713888946,7.675285902822553
8.769551078621726,8.096414765080384
7.458420756053419,8.522622385133275
7.657577319177794,8.046404344853753
9.096910013008056,8.159044423746984
7.031517051446065,7.502701892939925
6.966576244513051,8.007777001419392
7.481486060122113,7.957202462344256
9.065501548756432,8.758750181822693
6.810790510417694,7.587986697799748
6.443697499232713,7.5029183011094664
