y_test,y_pred
6.679853713888946,6.705437940778757
8.769551078621726,6.16220920711249
7.458420756053419,7.459584542588986
7.657577319177794,6.025870982459316
9.096910013008056,7.040904378505013
7.031517051446065,7.375524858905789
6.966576244513051,6.77839699499075
7.481486060122113,6.742737367836203
9.065501548756432,7.5194721663920205
6.810790510417694,6.025508349136508
6.443697499232713,5.617124473099782
