y_test,y_pred
6.679853713888946,7.155266051832223
8.769551078621726,5.476255977555164
7.458420756053419,6.90087005531921
7.657577319177794,5.367539398423982
9.096910013008056,7.7061819986553095
7.031517051446065,5.924303344711121
6.966576244513051,7.802030644439523
7.481486060122113,5.843750325361367
9.065501548756432,7.421462193852637
6.810790510417694,6.39348178221255
6.443697499232713,6.7623412649588275
