y_test,y_pred
6.679853713888946,8.307715873349721
8.769551078621726,7.127129558966525
7.458420756053419,8.355162176148248
7.657577319177794,5.842055619059762
9.096910013008056,6.818335445968705
7.031517051446065,7.357135800423542
6.966576244513051,7.833844941046596
7.481486060122113,7.559628059140434
9.065501548756432,7.244015966304321
6.810790510417694,6.204807381818298
6.443697499232713,6.8877342703267335
