y_test,y_pred
6.679853713888946,6.339827219112623
8.769551078621726,9.023835247343772
7.458420756053419,6.942913022753665
7.657577319177794,7.011658906881706
9.096910013008056,7.546913191867401
7.031517051446065,6.9323650036901885
6.966576244513051,7.736870980120926
7.481486060122113,6.894622431045436
9.065501548756432,8.905808859262393
6.810790510417694,6.746622861742882
6.443697499232713,6.816465915599309
