y_test,y_pred
6.679853713888946,8.016031554639671
8.769551078621726,7.980525434630142
7.458420756053419,8.09440967090797
7.657577319177794,7.762680040855016
9.096910013008056,8.10381703877272
7.031517051446065,8.100679969437545
6.966576244513051,8.524902677757215
7.481486060122113,8.02211951330438
9.065501548756432,8.457888386438343
6.810790510417694,7.93387367526648
6.443697499232713,7.520527396072631
