y_test,y_pred
6.679853713888946,7.828833362116652
8.769551078621726,7.875964564931011
7.458420756053419,7.58246416097851
7.657577319177794,7.6810716327657955
9.096910013008056,8.247023304024104
7.031517051446065,8.244367638689054
6.966576244513051,8.230306013620458
7.481486060122113,8.005706367664901
9.065501548756432,8.439409455501613
6.810790510417694,7.964141558566669
6.443697499232713,7.864888605072078
