y_test,y_pred
6.679853713888946,7.550028221572092
8.769551078621726,8.070792487651937
7.458420756053419,8.054020791534509
7.657577319177794,7.97956473139698
9.096910013008056,7.78288156826086
7.031517051446065,7.891997341452098
6.966576244513051,8.193495699447237
7.481486060122113,8.082022553180487
9.065501548756432,8.55951728283874
6.810790510417694,7.889329162983369
6.443697499232713,7.67154986838474
