y_test,y_pred
6.679853713888946,7.4529830185197286
8.769551078621726,7.884843550116131
7.458420756053419,7.909978402225894
7.657577319177794,7.697398053531242
9.096910013008056,8.153879222128658
7.031517051446065,7.535099126902395
6.966576244513051,7.975011640090396
7.481486060122113,6.688992783493088
9.065501548756432,7.473119771667772
6.810790510417694,6.698991334439649
6.443697499232713,7.693442013874956
