y_test,y_pred
6.679853713888946,7.423731446117548
8.769551078621726,8.032833337330425
7.458420756053419,8.025798607566841
7.657577319177794,7.936331046149834
9.096910013008056,8.492835049310358
7.031517051446065,7.2384475987565455
6.966576244513051,8.139749366793383
7.481486060122113,7.95841166402357
9.065501548756432,8.523413184070227
6.810790510417694,7.197326180422037
6.443697499232713,7.6570858489791345
