y_test,y_pred
6.679853713888946,7.268570714842195
8.769551078621726,8.23072496831313
7.458420756053419,8.044330755834617
7.657577319177794,7.761777974598817
9.096910013008056,8.458990478193645
7.031517051446065,7.780243030530624
6.966576244513051,8.399729149698656
7.481486060122113,8.015143529045583
9.065501548756432,8.537490499275728
6.810790510417694,7.117035032238231
6.443697499232713,7.574261146445125
