y_test,y_pred
6.679853713888946,7.833318808812716
8.769551078621726,8.010578001980226
7.458420756053419,8.179179285607985
7.657577319177794,7.670229563912773
9.096910013008056,8.137319065878852
7.031517051446065,8.011521216359718
6.966576244513051,7.674478581137392
7.481486060122113,7.923203195341962
9.065501548756432,7.980728846046367
6.810790510417694,7.644965675623104
6.443697499232713,7.783212545625934
