y_test,y_pred
6.679853713888946,7.541152589575969
8.769551078621726,7.643749916519285
7.458420756053419,8.21931573123545
7.657577319177794,8.07560035206568
9.096910013008056,8.15786045555038
7.031517051446065,7.102696764152853
6.966576244513051,8.042452294935917
7.481486060122113,7.521500188667358
9.065501548756432,8.403183777661857
6.810790510417694,7.166276421178033
6.443697499232713,7.753753494924633
