y_test,y_pred
6.679853713888946,7.57368789287975
8.769551078621726,7.524740773036987
7.458420756053419,8.205348267809033
7.657577319177794,7.967620982683257
9.096910013008056,8.097441109287645
7.031517051446065,7.1066259517739025
6.966576244513051,8.085826795202522
7.481486060122113,7.6016293500801195
9.065501548756432,8.417916057623525
6.810790510417694,7.180277936258992
6.443697499232713,7.755076766813265
