y_test,y_pred
6.679853713888946,7.296555230110693
8.769551078621726,8.263258256713575
7.458420756053419,8.066961151740479
7.657577319177794,7.770279155864467
9.096910013008056,8.355491036765395
7.031517051446065,7.675153262012168
6.966576244513051,8.28036078155255
7.481486060122113,8.065054012006497
9.065501548756432,8.52544778347833
6.810790510417694,7.114680484947421
6.443697499232713,7.553144764368387
