y_test,y_pred
6.679853713888946,7.2953863
8.769551078621726,8.177012
7.458420756053419,7.999782
7.657577319177794,7.918286
9.096910013008056,7.7783237
7.031517051446065,7.819821
6.966576244513051,8.179711
7.481486060122113,7.9282694
9.065501548756432,8.431756
6.810790510417694,7.465902
6.443697499232713,7.5812383
