y_test,y_pred
6.679853713888946,7.5354586
8.769551078621726,8.499839
7.458420756053419,7.8888445
7.657577319177794,7.6376595
9.096910013008056,7.8421273
7.031517051446065,7.866775
6.966576244513051,8.240224
7.481486060122113,7.933214
9.065501548756432,8.673354
6.810790510417694,7.5518804
6.443697499232713,7.1035514
