y_test,y_pred
6.679853713888946,7.5669904
8.769551078621726,7.9661417
7.458420756053419,7.521224
7.657577319177794,7.342817
9.096910013008056,8.5627
7.031517051446065,7.862183
6.966576244513051,8.57663
7.481486060122113,7.8321576
9.065501548756432,8.778133
6.810790510417694,7.6814733
6.443697499232713,7.704236
