y_test,y_pred
6.679853713888946,6.991989
8.769551078621726,8.130003
7.458420756053419,7.756193
7.657577319177794,7.6662674
9.096910013008056,7.839907
7.031517051446065,7.351331
6.966576244513051,7.8709545
7.481486060122113,7.8635573
9.065501548756432,8.083817
6.810790510417694,7.329853
6.443697499232713,7.891857
