y_test,y_pred
6.679853713888946,8.205705
8.769551078621726,8.1695795
7.458420756053419,7.4713683
7.657577319177794,7.5415
9.096910013008056,8.0256
7.031517051446065,7.662744
6.966576244513051,8.637351
7.481486060122113,7.6878257
9.065501548756432,8.5790825
6.810790510417694,7.5413027
6.443697499232713,7.7687573
