y_test,y_pred
6.679853713888946,7.6777277
8.769551078621726,8.064688
7.458420756053419,7.848802
7.657577319177794,7.3288984
9.096910013008056,8.73915
7.031517051446065,8.274209
6.966576244513051,8.3520155
7.481486060122113,8.295461
9.065501548756432,8.883181
6.810790510417694,7.2538943
6.443697499232713,7.7976775
