y_test,y_pred
6.679853713888946,7.6692033
8.769551078621726,8.01743
7.458420756053419,7.209046
7.657577319177794,7.5667133
9.096910013008056,8.623465
7.031517051446065,7.4734325
6.966576244513051,8.517861
7.481486060122113,7.665863
9.065501548756432,8.618854
6.810790510417694,7.541484
6.443697499232713,7.6355934
