y_test,y_pred
6.679853713888946,7.594045
8.769551078621726,7.8151274
7.458420756053419,7.436907
7.657577319177794,7.3498955
9.096910013008056,8.673893
7.031517051446065,7.832777
6.966576244513051,8.466636
7.481486060122113,7.7610025
9.065501548756432,8.737247
6.810790510417694,7.9285784
6.443697499232713,7.6194997
