MSE,R2,MAE,Model,Best Params
1188.1787551048446,-0.16752194613870075,17.84481416294473,AdaBoost,"{'learning_rate': 0.2, 'n_estimators': 100}"
