Model,PC,MSE,R2,Q2,MAE,Best Params,R2+Q2,Vote sum,R2-Q2,Vote diff,Vote,(R2+Q2)-(R2-Q2)
Random Forest,16,2.1470669086059835,0.7870821798791335,0.60084855489246,1.3486343966225491,"{'bootstrap': True, 'criterion': 'squared_error', 'max_depth': 5, 'max_features': 'sqrt', 'min_samples_leaf': 1, 'min_samples_split': 5, 'n_estimators': 50}",1.3879307347715937,2,0.1862336249866735,7,9,1.20169710978492
AdaBoost,10,1.2677540529823854,0.871532000572765,0.764317609171572,0.909157915331568,"{'learning_rate': 0.01, 'n_estimators': 100}",1.6358496097443371,2,0.10721439140119304,1,3,1.528635218343144
XGBoost,11,2.712658567457644,0.7497595650064153,0.4957019816457105,1.4703066187230571,"{'colsample_bytree': 1.0, 'learning_rate': 0.1, 'max_depth': 5, 'n_estimators': 10, 'subsample': 1.0}",1.2454615466521257,3,0.2540575833607048,22,25,0.9914039632914209
MLP,9,2.6497044470734696,0.9487659251289592,0.5074054958799884,1.4371552300172323,"{'alpha': 0.01, 'hidden_layer_sizes': (100, 100), 'learning_rate_init': 0.001}",1.4561714210089476,1,0.4413604292489708,6,7,1.0148109917599768
KNN,11,3.3959932621481026,0.4818038877025367,0.3686663360472666,1.5299579737759252,"{'metric': 'euclidean', 'n_neighbors': 3, 'weights': 'uniform'}",0.8504702237498033,1,0.11313755165527006,9,10,0.7373326720945332
Gradient Boosting,15,2.2843172111421755,0.7638907555614695,0.5753329752991173,1.330310745868977,"{'learning_rate': 0.1, 'max_depth': 5, 'n_estimators': 10, 'subsample': 0.8}",1.3392237308605868,1,0.18855778026235215,12,13,1.1506659505982346
SVR,9,1.8373140454835204,0.8158214305253731,0.6584333010622024,1.2315805187185525,"{'C': 10, 'gamma': 'scale', 'kernel': 'rbf'}",1.4742547315875756,1,0.1573881294631707,8,9,1.3168666021244049
