Model,PC,MSE,R2,Q2,MAE,Best Params,R2+Q2,Vote sum,R2-Q2,Vote diff,Vote,(R2+Q2)-(R2-Q2)
Random Forest,4,0.8501868407012318,0.4251815946893125,0.2415385641046936,0.8208780206807524,"{'bootstrap': True, 'criterion': 'squared_error', 'max_depth': 5, 'max_features': 'sqrt', 'max_samples': 0.8, 'min_samples_leaf': 4, 'min_samples_split': 10, 'n_estimators': 50}",0.6667201587940061,35,0.1836430305846189,3,38,0.48307712820938725
AdaBoost,15,0.6967901591632669,0.9068297152788948,0.3783855038254948,0.6231257997713118,"{'learning_rate': 0.1, 'n_estimators': 200}",1.2852152191043895,1,0.5284442114534,5,6,0.7567710076509895
XGBoost,15,0.7399499621437744,0.9639802979622742,0.339882148357708,0.6370116563429299,"{'colsample_bytree': 0.8, 'learning_rate': 0.05, 'max_depth': 3, 'n_estimators': 100, 'subsample': 0.8}",1.3038624463199824,1,0.6240981496045662,8,9,0.6797642967154162
MLP,3,0.8811911895075463,0.3963122556717207,0.2138792287811305,0.7843576483031514,"{'alpha': 0.001, 'hidden_layer_sizes': (100,), 'learning_rate_init': 0.01}",0.6101914844528512,25,0.18243302689059018,1,26,0.42775845756226105
KNN,17,0.5525880723892777,0.594978057126224,0.5070298400557405,0.5649626956118676,"{'metric': 'manhattan', 'n_neighbors': 3, 'weights': 'uniform'}",1.1020078971819645,2,0.0879482170704835,4,6,1.014059680111481
Gradient Boosting,16,0.7733592613818596,0.925112343651892,0.3100773291588199,0.6975973336556078,"{'learning_rate': 0.05, 'max_depth': 5, 'min_samples_leaf': 4, 'min_samples_split': 5, 'n_estimators': 50, 'subsample': 0.8}",1.235189672810712,1,0.6150350144930721,8,9,0.6201546583176398
SVR,10,0.5749846914570867,0.782291892491122,0.4870495591996407,0.5957193666318972,"{'C': 1, 'gamma': 'auto', 'kernel': 'rbf'}",1.2693414516907626,12,0.29524233329148125,5,17,0.9740991183992813
