Model,MSE,R2
MLP Regressor,1.3974880824108618e+26,-3.903855825163207e+20
