Model,MSE,R2,Q2,MAE,Best Params
SVR,0.5390554406206229,0.5124542442574433,0.4686790523721073,0.6920424320419934,"{'C': 1, 'gamma': 'scale', 'kernel': 'rbf'}"
