Model,Best Params,MSE,R2
SVR,SVR(C=1),452278.9040211578,-0.2634323371226661
