y_test,y_pred
7.698970004336019,6.879588001734407
8.698970004336019,7.751015991217509
6.698970004336019,6.698970004336019
6.698970004336019,6.799313336224013
7.187086643357144,6.827982859620582
7.187086643357144,7.490641657518239
7.187086643357144,7.4430283238465815
7.187086643357144,6.784978574525728
