y_test,y_pred
7.698970004336019,6.698970004336019
8.698970004336019,7.6704841662593095
6.698970004336019,6.911558095624751
6.698970004336019,6.698970004336019
7.187086643357144,6.698970004336019
7.187086643357144,7.358836660793263
7.187086643357144,7.490361099907449
7.187086643357144,6.759176003468815
