y_test,y_pred
7.698970004336019,7.386056647693163
8.698970004336019,7.698970004336019
6.698970004336019,6.749141670280015
6.698970004336019,6.732417781632017
7.187086643357144,7.698970004336019
7.187086643357144,7.698970004336019
7.187086643357144,7.698970004336019
7.187086643357144,6.736598753794016
