y_test,y_pred
7.698970004336019,7.357714430350103
8.698970004336019,7.623007769464794
6.698970004336019,7.6040172107469886
6.698970004336019,7.0
7.187086643357144,7.698970004336019
7.187086643357144,7.868553810529897
7.187086643357144,7.698970004336019
7.187086643357144,6.799313336224013
