y_test,y_pred
7.0,6.799313336224013
8.301029995663981,8.301029995663981
7.0,7.0
8.045757490560675,8.301029995663981
8.698970004336019,8.301029995663981
6.698970004336019,7.698970004336019
8.698970004336019,8.301029995663981
7.920818753952375,8.228865713046853
7.187086643357144,7.544455701119868
8.698970004336019,8.325257498915995
7.184355850868035,6.698970004336019
