y_test,y_pred
7.698970004336019,7.3083076437031576
8.698970004336019,7.98090189676406
6.698970004336019,7.542166874262099
6.698970004336019,7.207585831534113
7.187086643357144,7.392608913491532
7.187086643357144,7.598297281893855
7.187086643357144,7.8559934856343805
7.187086643357144,7.0369662531904815
