y_test,y_pred
7.0,7.35571076525191
8.301029995663981,7.770951417679436
7.0,7.231852603432543
8.045757490560675,7.949722651241944
8.698970004336019,7.926221128218642
6.698970004336019,7.232030929880965
8.698970004336019,8.392394733307457
7.920818753952375,8.355167535737932
7.187086643357144,7.670095306135656
8.698970004336019,7.949722651241944
7.184355850868035,7.108259508774557
