y_test,y_pred
7.698970004336019,7.277717549888555
8.698970004336019,7.985938497157848
6.698970004336019,7.536054386349382
6.698970004336019,7.259857180014323
7.187086643357144,7.360611445198919
7.187086643357144,7.49366785059823
7.187086643357144,7.8936934887216825
7.187086643357144,7.018592193451332
