y_test,y_pred
7.698970004336019,7.3036418241520975
8.698970004336019,7.8018537761514954
6.698970004336019,7.573486674222494
6.698970004336019,7.263047786579403
7.187086643357144,7.3824442633614575
7.187086643357144,7.642027961581564
7.187086643357144,7.990802442908653
7.187086643357144,7.284066676139457
