y_test,y_pred
7.0,7.132646669557346
8.301029995663981,8.136311797657834
7.0,7.132646669557346
8.045757490560675,8.094665552121734
8.698970004336019,8.136311797657834
6.698970004336019,7.032303337669352
8.698970004336019,8.062362214452381
7.920818753952375,8.062362214452381
7.187086643357144,7.195008884009727
8.698970004336019,8.407282916538785
7.184355850868035,6.799313336224013
