y_test,y_pred
7.698970004336019,7.6567993312730405
8.698970004336019,8.221581079461904
6.698970004336019,7.359176003468815
6.698970004336019,7.019382002601612
7.187086643357144,7.559176003468815
7.187086643357144,7.539794000867204
7.187086643357144,7.317005330405837
7.187086643357144,7.317005330405837
