y_test,y_pred
7.698970004336019,6.2442535181964
8.698970004336019,7.8538334962257
6.698970004336019,8.662883855909447
6.698970004336019,6.23668164266593
7.187086643357144,6.130539849296369
7.187086643357144,6.559010373521059
7.187086643357144,8.100783545181605
7.187086643357144,6.561509033567548
