y_test,y_pred
7.698970004336019,7.144802266049966
8.698970004336019,8.1881434930068
6.698970004336019,7.321174419190372
6.698970004336019,7.125596317254058
7.187086643357144,7.144601342800351
7.187086643357144,7.333748702268621
7.187086643357144,7.492506187862209
7.187086643357144,7.2618517628929
