y_test,y_pred
7.698970004336019,7.489087199781186
8.698970004336019,7.664801818463992
6.698970004336019,6.570685899398051
6.698970004336019,5.891799876013431
7.187086643357144,7.381957447753387
7.187086643357144,5.845570973542803
7.187086643357144,7.4287095309855085
7.187086643357144,6.224097221845569
