y_test,y_pred
7.698970004336019,6.0783709311651455
8.698970004336019,7.334981035026774
6.698970004336019,6.145115894781512
6.698970004336019,4.945857709345137
7.187086643357144,6.066887626601777
7.187086643357144,5.819999806341347
7.187086643357144,7.6664269956932865
7.187086643357144,5.764975453051588
