y_test,y_pred
7.0,7.136322288459144
8.301029995663981,8.175695573375704
7.0,7.141505664173992
8.045757490560675,8.350637991347492
8.698970004336019,8.037104481994923
6.698970004336019,6.811166448870883
8.698970004336019,8.280729646393002
7.920818753952375,8.162193473051751
7.187086643357144,7.341705506384739
8.698970004336019,8.233461197604813
7.184355850868035,6.928019819256377
