y_test,y_pred
7.698970004336019,7.182232932634476
8.698970004336019,8.008456093738024
6.698970004336019,7.334736312576282
6.698970004336019,7.256754378084869
7.187086643357144,7.143385244520907
7.187086643357144,7.306455404082243
7.187086643357144,7.513648653846007
7.187086643357144,7.0398815124739675
