y_test,y_pred
7.0,7.4465916302529935
8.301029995663981,7.931172155517636
7.0,7.427994239078641
8.045757490560675,8.094120372187577
8.698970004336019,8.003590276409263
6.698970004336019,7.2959909632724065
8.698970004336019,8.20489477598573
7.920818753952375,8.170720057896945
7.187086643357144,7.435361063749196
8.698970004336019,8.162694550524812
7.184355850868035,7.322677241425324
