y_test,y_pred
7.0,7.323337730642439
8.301029995663981,7.980053751016402
7.0,7.2646560198089905
8.045757490560675,8.117673423791487
8.698970004336019,8.065177961675376
6.698970004336019,7.209605611181474
8.698970004336019,8.168240082165749
7.920818753952375,8.103038597862614
7.187086643357144,7.444073116824475
8.698970004336019,8.036683890491481
7.184355850868035,7.235947418578744
