y_test,y_pred
7.698970004336019,7.597654212755921
8.698970004336019,7.641086474038873
6.698970004336019,7.609264438508444
6.698970004336019,7.366319987327335
7.187086643357144,7.71126097692309
7.187086643357144,7.54939609300386
7.187086643357144,7.768531570946843
7.187086643357144,7.341627996445316
