y_test,y_pred
7.698970004336019,7.6910521713355955
8.698970004336019,7.969007389099357
6.698970004336019,7.405155545939783
6.698970004336019,7.327566312617096
7.187086643357144,7.605202618837539
7.187086643357144,7.357792661111549
7.187086643357144,7.6337754034033924
7.187086643357144,7.365809176800347
