y_test,y_pred
7.698970004336019,7.3148397537199745
8.698970004336019,8.035092248363332
6.698970004336019,7.222202004580484
6.698970004336019,7.3148397537199745
7.187086643357144,7.3148397537199745
7.187086643357144,7.882740897578875
7.187086643357144,7.950051613704396
7.187086643357144,7.318862818449007
