y_test,y_pred
7.698970004336019,7.356074252626152
8.698970004336019,8.160717459134986
6.698970004336019,7.528612441216527
6.698970004336019,7.306990064734838
7.187086643357144,7.31907210794984
7.187086643357144,7.283106474984261
7.187086643357144,7.480809322375445
7.187086643357144,7.0698400944006785
