y_test,y_pred
7.698970004336019,7.341061711105157
8.698970004336019,8.029930012506995
6.698970004336019,6.914067101350504
6.698970004336019,7.009389468383917
7.187086643357144,7.401933943178242
7.187086643357144,6.929858582161979
7.187086643357144,7.588988117761969
7.187086643357144,6.91051245318298
