y_test,y_pred
7.698970004336019,7.096072444303077
8.698970004336019,7.8609187843023935
6.698970004336019,7.140351325343605
6.698970004336019,6.968828189309107
7.187086643357144,7.131805328652613
7.187086643357144,6.8269906686999935
7.187086643357144,7.463859725589525
7.187086643357144,6.794843975901777
