y_test,y_pred
7.698970004336019,7.329256851998171
8.698970004336019,7.939718400889074
6.698970004336019,6.767268622566128
6.698970004336019,6.964639947595114
7.187086643357144,7.3523956257478265
7.187086643357144,6.901787829880908
7.187086643357144,7.54535018427355
7.187086643357144,6.890962011221359
