y_test,y_pred
7.698970004336019,7.3204076983353845
8.698970004336019,7.948973751584123
6.698970004336019,6.907123051189636
6.698970004336019,6.918229957640581
7.187086643357144,7.373749881571502
7.187086643357144,6.934137884878073
7.187086643357144,7.540279851029723
7.187086643357144,6.926422678671337
