y_test,y_pred
7.698970004336019,7.5844193
8.698970004336019,7.9487567
6.698970004336019,7.089837
6.698970004336019,7.2090135
7.187086643357144,7.7006497
7.187086643357144,7.448099
7.187086643357144,7.664809
7.187086643357144,7.1145706
