y_test,y_pred
7.0,7.0259542
8.301029995663981,8.142736
7.0,7.05708
8.045757490560675,8.156936
8.698970004336019,7.9629984
6.698970004336019,7.70226
8.698970004336019,8.21046
7.920818753952375,7.8833585
7.187086643357144,7.5240035
8.698970004336019,8.017149
7.184355850868035,6.9313326
