y_test,y_pred
7.698970004336019,7.1173315
8.698970004336019,7.7761555
6.698970004336019,7.03297
6.698970004336019,7.186456
7.187086643357144,7.2368493
7.187086643357144,7.7435713
7.187086643357144,7.630322
7.187086643357144,7.0543575
