y_test,y_pred
7.698970004336019,6.836696
8.698970004336019,8.092744
6.698970004336019,7.0846357
6.698970004336019,7.187423
7.187086643357144,6.8798985
7.187086643357144,6.8751593
7.187086643357144,7.35267
7.187086643357144,6.7017517
