y_test,y_pred
8.679853713888946,7.2486606
6.411168274405793,7.4786043
8.096910013008056,6.9131684
6.752026733638194,7.1696334
8.193820026016112,7.5727057
7.031517051446065,7.5582657
9.698970004336019,7.4574766
7.42021640338319,7.104226
7.6020599913279625,8.033286
6.178224532816537,6.995102
8.568636235841012,8.444019
7.6020599913279625,7.232672
7.0915149811213505,7.6535544
10.154901959985743,7.7078505
6.896880746454286,7.415491
