y_test,y_pred
8.679853713888946,7.204284
6.411168274405793,7.4316316
8.096910013008056,6.8455257
6.752026733638194,7.346955
8.193820026016112,7.6575613
7.031517051446065,7.7962885
9.698970004336019,7.3423915
7.42021640338319,7.0998926
7.6020599913279625,8.083232
6.178224532816537,7.5004544
8.568636235841012,8.227173
7.6020599913279625,7.2753673
7.0915149811213505,7.7525144
10.154901959985743,7.731244
6.896880746454286,7.6933126
