y_test,y_pred
8.679853713888946,7.323922
6.411168274405793,7.578367
8.096910013008056,6.9114656
6.752026733638194,7.58203
8.193820026016112,7.7040553
7.031517051446065,7.437803
9.698970004336019,7.4057746
7.42021640338319,6.608363
7.6020599913279625,8.533213
6.178224532816537,7.5466223
8.568636235841012,8.622832
7.6020599913279625,6.608521
7.0915149811213505,7.663404
10.154901959985743,7.9555135
6.896880746454286,7.7206316
