y_test,y_pred
8.679853713888946,7.4621696
6.411168274405793,7.5385933
8.096910013008056,7.0634704
6.752026733638194,6.9615583
8.193820026016112,7.617819
7.031517051446065,7.6437087
9.698970004336019,7.463199
7.42021640338319,7.0551405
7.6020599913279625,8.441674
6.178224532816537,6.9793854
8.568636235841012,8.6211405
7.6020599913279625,7.2122707
7.0915149811213505,7.6017847
10.154901959985743,8.097806
6.896880746454286,7.4400773
