y_test,y_pred
8.958607314841775,7.399412
8.221848749616356,7.097311
9.769551078621726,9.036537
6.67264106561367,8.489751
7.031517051446065,7.004561
7.431798275933005,7.619889
7.917933065714887,8.449757
6.913640169325252,8.305957
9.0,8.37069
6.810790510417694,8.842156
7.42021640338319,7.156684
6.443697499232713,8.221585
7.795880017344075,7.26147
6.443697499232713,8.111676
7.217527375833714,8.038839
7.102372908709558,7.316377
8.721246399047171,8.064958
9.0,8.629334
6.696803942579511,8.711498
