y_test,y_pred
8.958607314841775,7.27385
8.221848749616356,7.4611316
9.769551078621726,8.644792
6.67264106561367,8.733921
7.031517051446065,7.520386
7.431798275933005,7.2578516
7.917933065714887,8.553979
6.913640169325252,8.101663
9.0,8.367428
6.810790510417694,8.742855
7.42021640338319,7.159559
6.443697499232713,8.54009
7.795880017344075,7.6201615
6.443697499232713,7.972495
7.217527375833714,8.730691
7.102372908709558,7.6322427
8.721246399047171,8.070796
9.0,8.598853
6.696803942579511,8.334166
