y_test,y_pred
8.958607314841775,7.4141154
8.221848749616356,6.945313
9.769551078621726,7.975274
6.67264106561367,8.772918
7.031517051446065,8.736963
7.431798275933005,7.2571645
7.917933065714887,7.7555585
6.913640169325252,7.976296
9.0,8.328991
6.810790510417694,7.898646
7.42021640338319,6.8943458
6.443697499232713,7.02185
7.795880017344075,7.1246657
6.443697499232713,7.08477
7.217527375833714,8.955766
7.102372908709558,7.2787
8.721246399047171,8.029073
9.0,8.941794
6.696803942579511,7.948336
