y_test,y_pred
6.978810700930062,7.448922
8.309803919971486,7.5828876
7.2839966563652006,7.080101
7.698970004336019,7.5509105
7.494850021680094,6.822112
8.853871964321762,9.095702
9.221848749616356,8.789646
8.657577319177793,7.2655272
8.886056647693163,8.634159
7.6020599913279625,7.797248
10.154901959985743,7.343434
7.795880017344075,7.738542
9.611543547299734,7.5579653
6.6595558851598815,7.0558133
8.835647144215564,7.967793
9.022276394711152,8.908824
6.954677021213342,7.105592
