y_test,y_pred
6.978810700930062,7.2741466
8.309803919971486,7.6442842
7.2839966563652006,6.9535046
7.698970004336019,7.3431106
7.494850021680094,6.8022685
8.853871964321762,9.062572
9.221848749616356,8.519699
8.657577319177793,7.252207
8.886056647693163,8.855604
7.6020599913279625,7.6869597
10.154901959985743,7.4300094
7.795880017344075,7.627355
9.611543547299734,7.3524175
6.6595558851598815,7.3122535
8.835647144215564,7.9911027
9.022276394711152,8.725883
6.954677021213342,7.121525
