y_test,y_pred
6.978810700930062,8.101287
8.309803919971486,8.481112
7.2839966563652006,8.143001
7.698970004336019,7.1103067
7.494850021680094,6.995672
8.853871964321762,8.85363
9.221848749616356,8.35702
8.657577319177793,7.4971805
8.886056647693163,8.860422
7.6020599913279625,8.627627
10.154901959985743,8.209275
7.795880017344075,7.0950484
9.611543547299734,8.068326
6.6595558851598815,7.409381
8.835647144215564,8.751922
9.022276394711152,8.755856
6.954677021213342,7.6754093
