y_test,y_pred
6.978810700930062,7.430626
8.309803919971486,7.6747217
7.2839966563652006,7.205081
7.698970004336019,7.6339245
7.494850021680094,6.8070464
8.853871964321762,9.056651
9.221848749616356,8.777988
8.657577319177793,7.4758453
8.886056647693163,8.704982
7.6020599913279625,7.726882
10.154901959985743,7.364437
7.795880017344075,7.6148787
9.611543547299734,7.6743965
6.6595558851598815,7.2610927
8.835647144215564,8.239401
9.022276394711152,8.9469385
6.954677021213342,7.235478
