y_test,y_pred
6.978810700930062,7.4006124
8.309803919971486,7.613382
7.2839966563652006,7.365552
7.698970004336019,7.982739
7.494850021680094,6.8060765
8.853871964321762,9.125354
9.221848749616356,8.785613
8.657577319177793,7.4928775
8.886056647693163,8.842295
7.6020599913279625,7.7653475
10.154901959985743,7.6994853
7.795880017344075,7.6447396
9.611543547299734,7.478322
6.6595558851598815,7.2235575
8.835647144215564,8.017571
9.022276394711152,8.706483
6.954677021213342,7.3198857
