y_test,y_pred
6.978810700930062,8.011197
8.309803919971486,7.631223
7.2839966563652006,8.090627
7.698970004336019,7.233665
7.494850021680094,6.7971296
8.853871964321762,9.005088
9.221848749616356,8.645479
8.657577319177793,7.2005544
8.886056647693163,9.095618
7.6020599913279625,7.489196
10.154901959985743,8.201919
7.795880017344075,6.9355087
9.611543547299734,7.346278
6.6595558851598815,7.2542005
8.835647144215564,7.962389
9.022276394711152,9.4640875
6.954677021213342,7.518217
