y_test,y_pred
6.978810700930062,7.6849265
8.309803919971486,8.437485
7.2839966563652006,8.043705
7.698970004336019,7.5070558
7.494850021680094,7.2973456
8.853871964321762,8.290243
9.221848749616356,7.9506416
8.657577319177793,7.7012844
8.886056647693163,8.618925
7.6020599913279625,8.178208
10.154901959985743,7.9862247
7.795880017344075,7.6944456
9.611543547299734,7.141225
6.6595558851598815,7.478337
8.835647144215564,8.462613
9.022276394711152,7.961913
6.954677021213342,7.2643833
