y_test,y_pred
6.978810700930062,7.2168255
8.309803919971486,7.5488744
7.2839966563652006,6.9248357
7.698970004336019,7.3029194
7.494850021680094,6.7864866
8.853871964321762,9.006091
9.221848749616356,9.003702
8.657577319177793,7.1710978
8.886056647693163,8.952478
7.6020599913279625,7.7822123
10.154901959985743,7.8193164
7.795880017344075,7.4992433
9.611543547299734,7.0651917
6.6595558851598815,7.3214016
8.835647144215564,7.744598
9.022276394711152,8.883622
6.954677021213342,7.0422783
