y_test,y_pred
6.978810700930062,7.980377
8.309803919971486,8.568173
7.2839966563652006,8.279928
7.698970004336019,7.1090164
7.494850021680094,7.02387
8.853871964321762,8.84398
9.221848749616356,8.309846
8.657577319177793,7.661119
8.886056647693163,8.762637
7.6020599913279625,8.40645
10.154901959985743,8.113183
7.795880017344075,7.3780117
9.611543547299734,7.9949727
6.6595558851598815,7.267945
8.835647144215564,8.746237
9.022276394711152,8.273781
6.954677021213342,7.6177273
