y_test,y_pred
6.978810700930062,7.5474987
8.309803919971486,7.6829414
7.2839966563652006,6.8921
7.698970004336019,7.4043946
7.494850021680094,6.7866287
8.853871964321762,9.034803
9.221848749616356,8.709298
8.657577319177793,7.279728
8.886056647693163,8.572219
7.6020599913279625,7.9004674
10.154901959985743,7.6985006
7.795880017344075,7.713777
9.611543547299734,7.728947
6.6595558851598815,7.194484
8.835647144215564,8.163963
9.022276394711152,8.891156
6.954677021213342,7.1037083
