y_test,y_pred
8.309803919971486,8.01865540977988
7.031517051446065,7.311445278907663
6.810790510417694,7.1973732087045965
8.795880017344075,7.7690533031037
6.978810700930062,7.272045695330666
9.065501548756432,8.69647740123478
8.585026652029182,7.9773614068613785
6.667561540084395,7.143752120644215
9.744727494896694,8.059214057433435
7.6020599913279625,7.689875291766863
8.769551078621726,7.96574142781737
