y_test,y_pred
8.309803919971486,8.238063341818766
7.031517051446065,7.731929494838724
6.810790510417694,7.705978483682687
8.795880017344075,8.025039135417309
6.978810700930062,7.754787603757042
9.065501548756432,8.421197414705254
8.585026652029182,8.182091953920963
6.667561540084395,7.705978483682687
9.744727494896694,8.088665091162238
7.6020599913279625,7.748298760414782
8.769551078621726,8.23269912100003
