y_test,y_pred
8.309803919971486,8.246423102558694
7.031517051446065,7.502327082343638
6.810790510417694,7.4590755779040725
8.795880017344075,8.141511255137925
6.978810700930062,7.613878068713216
9.065501548756432,8.550323063514194
8.585026652029182,8.373568865781385
6.667561540084395,7.4961754038953465
9.744727494896694,8.349718341323825
7.6020599913279625,7.515150698773556
8.769551078621726,8.27892336114038
