y_test,y_pred
8.309803919971486,8.156707242003307
7.031517051446065,7.4822096734488985
6.810790510417694,7.5404605784969005
8.795880017344075,8.160472271556623
6.978810700930062,7.6965713659705965
9.065501548756432,8.425892134296408
8.585026652029182,8.167906082814326
6.667561540084395,7.712026105117207
9.744727494896694,8.469655508948488
7.6020599913279625,7.687062411779093
8.769551078621726,8.198935380934461
