y_test,y_pred
8.309803919971486,8.027267698454382
7.031517051446065,7.505245103308699
6.810790510417694,7.484784170606312
8.795880017344075,7.97825348430016
6.978810700930062,7.780579425595445
9.065501548756432,8.409741939302679
8.585026652029182,8.116129480337355
6.667561540084395,7.483759981663046
9.744727494896694,7.993178702911337
7.6020599913279625,7.500689940176344
8.769551078621726,8.19097023201763
