y_test,y_pred
8.309803919971486,7.87838072553127
7.031517051446065,8.008659202959588
6.810790510417694,8.11764747765236
8.795880017344075,8.1687363794109
6.978810700930062,7.847749417292561
9.065501548756432,8.113317556823358
8.585026652029182,8.049406730463305
6.667561540084395,7.880979185167137
9.744727494896694,8.149398846364553
7.6020599913279625,8.118284664173165
8.769551078621726,8.113317556823358
