y_test,y_pred
8.309803919971486,7.91066259097797
7.031517051446065,8.127357143903748
6.810790510417694,8.120847808747028
8.795880017344075,7.86800632679915
6.978810700930062,8.03847347424232
9.065501548756432,8.084626423021973
8.585026652029182,7.921958369653027
6.667561540084395,7.520531093632413
9.744727494896694,8.008934964714891
7.6020599913279625,8.134823924728027
8.769551078621726,8.039967605837354
