y_test,y_pred
8.309803919971486,5.057885009490179
7.031517051446065,7.205975891866271
6.810790510417694,5.808233905972857
8.795880017344075,7.628051876588031
6.978810700930062,4.679701433140122
9.065501548756432,9.372711049446867
8.585026652029182,7.071958346837794
6.667561540084395,6.8251494438520135
9.744727494896694,9.121811948909363
7.6020599913279625,4.329747545660484
8.769551078621726,5.891372918739184
