y_test,y_pred
8.309803919971486,6.2699427614533105
7.031517051446065,7.980381613743394
6.810790510417694,7.090674587007146
8.795880017344075,8.648766594298381
6.978810700930062,4.386277103465753
9.065501548756432,8.10838918835258
8.585026652029182,7.537584905252049
6.667561540084395,4.807499794052499
9.744727494896694,7.782173228216127
7.6020599913279625,4.479132634501066
8.769551078621726,6.126789681458242
