y_test,y_pred
8.309803919971486,8.008464651902642
7.031517051446065,7.871762106691823
6.810790510417694,7.917329378345009
8.795880017344075,7.838683281533783
6.978810700930062,7.566141101107772
9.065501548756432,8.365912955174062
8.585026652029182,8.197522555219932
6.667561540084395,7.479836948590112
9.744727494896694,8.359547649367316
7.6020599913279625,8.215076411903622
8.769551078621726,8.672237605644158
