y_test,y_pred
8.309803919971486,7.702424973773246
7.031517051446065,7.475648641163429
6.810790510417694,7.601959562992748
8.795880017344075,8.01549343977134
6.978810700930062,8.008930187376764
9.065501548756432,8.398240378789472
8.585026652029182,7.705958649222614
6.667561540084395,7.372800360205342
9.744727494896694,8.302434097437963
7.6020599913279625,7.87867752054734
8.769551078621726,7.792080407334275
