y_test,y_pred
6.698970004336019,7.601418
8.835647144215564,8.074135
8.096910013008056,7.315025
6.67264106561367,7.762214
7.347173697438995,7.315527
9.065501548756432,8.326318
9.154901959985743,8.576804
8.16621562534352,7.334035
8.823908740944319,8.502597
8.00436480540245,8.143912
9.744727494896694,7.8124666
7.481486060122113,7.9140224
7.162348442153608,7.952068
7.455931955649724,7.645307
10.154901959985743,7.970351
6.692503962086787,7.4907203
7.187086643357144,7.6494765
