y_test,y_pred
8.309803919971486,7.9363775
7.031517051446065,7.6354666
6.810790510417694,7.611518
8.795880017344075,7.646239
6.978810700930062,7.420835
9.065501548756432,8.295491
8.585026652029182,8.131816
6.667561540084395,7.3660145
9.744727494896694,7.8885283
7.6020599913279625,7.792586
8.769551078621726,7.70021
