y_test,y_pred
6.698970004336019,8.160717
8.835647144215564,7.9504924
8.096910013008056,7.5211635
6.67264106561367,8.371381
7.347173697438995,7.2278843
9.065501548756432,8.324899
9.154901959985743,7.915707
8.16621562534352,7.3687687
8.823908740944319,8.339617
8.00436480540245,8.714851
9.744727494896694,8.865618
7.481486060122113,8.414761
7.162348442153608,7.786209
7.455931955649724,8.20805
10.154901959985743,8.519841
6.692503962086787,7.5518885
7.187086643357144,7.712264
