y_test,y_pred
6.698970004336019,7.8742332
8.835647144215564,7.77856
8.096910013008056,7.621345
6.67264106561367,7.665746
7.347173697438995,7.6873612
9.065501548756432,8.411784
9.154901959985743,8.855887
8.16621562534352,7.6646805
8.823908740944319,8.430359
8.00436480540245,8.012205
9.744727494896694,7.67421
7.481486060122113,8.497522
7.162348442153608,7.848463
7.455931955649724,8.292649
10.154901959985743,8.11532
6.692503962086787,7.535944
7.187086643357144,7.6866817
