y_test,y_pred
6.698970004336019,7.3670125
8.835647144215564,7.7003565
8.096910013008056,7.493153
6.67264106561367,7.7454023
7.347173697438995,7.375677
9.065501548756432,8.393056
9.154901959985743,8.768611
8.16621562534352,7.4379396
8.823908740944319,8.4256735
8.00436480540245,8.55931
9.744727494896694,7.8985105
7.481486060122113,8.324949
7.162348442153608,7.223791
7.455931955649724,7.847518
10.154901959985743,8.002861
6.692503962086787,7.419883
7.187086643357144,7.724402
