y_test,y_pred
6.698970004336019,7.938748
8.835647144215564,8.217537
8.096910013008056,7.6299295
6.67264106561367,8.174295
7.347173697438995,7.780659
9.065501548756432,8.219233
9.154901959985743,8.829339
8.16621562534352,7.8723936
8.823908740944319,8.353969
8.00436480540245,8.499833
9.744727494896694,7.7298284
7.481486060122113,8.329711
7.162348442153608,7.873797
7.455931955649724,8.265045
10.154901959985743,8.204356
6.692503962086787,7.586011
7.187086643357144,7.5703015
