y_test,y_pred
6.698970004336019,7.2429547
8.835647144215564,7.882355
8.096910013008056,7.325256
6.67264106561367,7.8029933
7.347173697438995,7.381847
9.065501548756432,8.647011
9.154901959985743,8.755525
8.16621562534352,7.4822793
8.823908740944319,8.322729
8.00436480540245,8.557764
9.744727494896694,7.7245574
7.481486060122113,8.24668
7.162348442153608,7.4287424
7.455931955649724,7.782684
10.154901959985743,7.7264423
6.692503962086787,7.351241
7.187086643357144,7.611971
