y_test,y_pred
8.309803919971486,8.120744
7.031517051446065,7.5358176
6.810790510417694,8.210912
8.795880017344075,7.830291
6.978810700930062,7.5933847
9.065501548756432,8.413093
8.585026652029182,8.193325
6.667561540084395,7.6080647
9.744727494896694,8.611454
7.6020599913279625,8.9587345
8.769551078621726,8.647081
