y_test,y_pred
6.698970004336019,7.654594
8.835647144215564,7.6267805
8.096910013008056,8.009547
6.67264106561367,8.420784
7.347173697438995,7.9106817
9.065501548756432,8.290222
9.154901959985743,7.5905256
8.16621562534352,7.9106817
8.823908740944319,7.36255
8.00436480540245,8.290222
9.744727494896694,8.443333
7.481486060122113,8.290222
7.162348442153608,7.654594
7.455931955649724,7.5958633
10.154901959985743,8.290222
6.692503962086787,8.009547
7.187086643357144,7.654594
