y_test,y_pred
6.698970004336019,7.8019376
8.835647144215564,8.081807
8.096910013008056,7.5409393
6.67264106561367,7.792002
7.347173697438995,7.3188
9.065501548756432,8.289295
9.154901959985743,8.624639
8.16621562534352,7.403647
8.823908740944319,8.297149
8.00436480540245,8.107533
9.744727494896694,7.4825277
7.481486060122113,7.9361596
7.162348442153608,7.879079
7.455931955649724,7.7271805
10.154901959985743,7.9921546
6.692503962086787,7.273766
7.187086643357144,7.658892
