y_test,y_pred
8.958607314841775,7.4793596
8.221848749616356,7.0775
9.769551078621726,7.946031
6.67264106561367,8.512703
7.031517051446065,8.28361
7.431798275933005,7.6096287
7.917933065714887,7.810169
6.913640169325252,7.8442883
9.0,8.317449
6.810790510417694,7.9869924
7.42021640338319,7.0910845
6.443697499232713,7.256947
7.795880017344075,7.294557
6.443697499232713,7.410641
7.217527375833714,8.31037
7.102372908709558,7.25574
8.721246399047171,7.9263606
9.0,8.710173
6.696803942579511,7.9034038
