y_test,y_pred
6.698970004336019,7.371545
8.835647144215564,7.7067666
8.096910013008056,7.761306
6.67264106561367,8.218575
7.347173697438995,7.822339
9.065501548756432,8.23083
9.154901959985743,7.3365984
8.16621562534352,7.851659
8.823908740944319,8.008253
8.00436480540245,8.91144
9.744727494896694,8.583592
7.481486060122113,8.171525
7.162348442153608,7.6694136
7.455931955649724,7.5511594
10.154901959985743,8.410822
6.692503962086787,7.761306
7.187086643357144,7.621114
