y_test,y_pred
6.698970004336019,7.5238004
8.835647144215564,8.031773
8.096910013008056,7.577468
6.67264106561367,7.612504
7.347173697438995,7.5000844
9.065501548756432,8.535389
9.154901959985743,8.957657
8.16621562534352,7.7205186
8.823908740944319,8.578017
8.00436480540245,8.057063
9.744727494896694,8.0104065
7.481486060122113,8.203126
7.162348442153608,7.7696476
7.455931955649724,8.046356
10.154901959985743,7.9766245
6.692503962086787,7.839418
7.187086643357144,7.629608
