y_test,y_pred
6.698970004336019,7.4968204
8.835647144215564,8.004268
8.096910013008056,7.2955217
6.67264106561367,7.972101
7.347173697438995,7.1899505
9.065501548756432,8.627087
9.154901959985743,8.8832655
8.16621562534352,7.7745442
8.823908740944319,8.65147
8.00436480540245,8.0633335
9.744727494896694,7.6664934
7.481486060122113,8.197516
7.162348442153608,8.097228
7.455931955649724,7.6971593
10.154901959985743,7.799623
6.692503962086787,7.0523024
7.187086643357144,7.2310257
