y_test,y_pred
6.698970004336019,7.9476795
8.835647144215564,7.914386
8.096910013008056,7.665983
6.67264106561367,7.940871
7.347173697438995,7.572637
9.065501548756432,8.330002
9.154901959985743,8.493517
8.16621562534352,7.4584603
8.823908740944319,8.271555
8.00436480540245,8.233107
9.744727494896694,7.9296484
7.481486060122113,8.335137
7.162348442153608,7.7165003
7.455931955649724,8.213102
10.154901959985743,8.009018
6.692503962086787,7.5805464
7.187086643357144,7.6904507
