Model,PC,MSE,R2,Q2,MAE,Best Params,R2+Q2,Vote sum,R2-Q2,Vote diff,Vote,(R2+Q2)-(R2-Q2)
Random Forest,22,0.6667665934846305,0.7704668279793984,0.3129564957287758,0.7045186764844026,"{'bootstrap': True, 'criterion': 'squared_error', 'max_depth': 5, 'max_features': 'sqrt', 'max_samples': 0.8, 'min_samples_leaf': 2, 'min_samples_split': 5, 'n_estimators': 50}",1.0834233237081743,1,0.45751033225062254,9,10,0.6259129914575517
AdaBoost,16,0.6294025414028624,0.9151574206148392,0.3514568188206558,0.6548884622458104,"{'learning_rate': 0.1, 'n_estimators': 200}",1.2666142394354951,1,0.5637006017941834,5,6,0.7029136376413118
XGBoost,21,0.6651302689103964,0.9921271282290062,0.314642582255294,0.6491995730055722,"{'colsample_bytree': 0.8, 'learning_rate': 0.1, 'max_depth': 3, 'n_estimators': 100, 'reg_alpha': 0.5, 'reg_lambda': 0.1, 'subsample': 0.8}",1.3067697104843001,2,0.6774845459737122,6,8,0.6292851645105879
MLP,2,0.8394947151868793,0.506606130953501,0.1349755722990313,0.7414197068605836,"{'alpha': 0.01, 'hidden_layer_sizes': (200, 100), 'learning_rate_init': 0.001}",0.6415817032525324,2,0.37163055865446976,2,4,0.26995114459806263
KNN,14,0.7095378136300345,0.6187289665989042,0.2688845682240099,0.6362428565139129,"{'metric': 'euclidean', 'n_neighbors': 3, 'weights': 'uniform'}",0.8876135348229142,7,0.3498443983748943,6,13,0.5377691364480199
Gradient Boosting,17,0.6340633262132269,0.978412301395314,0.3466542957787741,0.6454907547198128,"{'learning_rate': 0.05, 'max_depth': 3, 'min_samples_leaf': 2, 'min_samples_split': 10, 'n_estimators': 100, 'subsample': 0.8}",1.325066597174088,2,0.6317580056165399,6,8,0.6933085915575481
SVR,28,0.7319782386571726,0.9888589059864156,0.2457617117422446,0.5808197224931211,"{'C': 10, 'gamma': 'scale', 'kernel': 'rbf'}",1.2346206177286603,1,0.743097194244171,6,7,0.4915234234844893
