y_test,y_pred
7.217527375833714,7.2988894526182495
8.679853713888946,7.225540421726485
7.42021640338319,7.395468146925552
9.0,7.380170701695381
6.908684840302777,7.443258216329179
7.2839966563652006,7.0304029931358185
7.853871964321762,7.861927336208701
6.407823242604133,6.8843030044692055
11.0,7.334615182431164
9.522878745280337,8.835647144215564
8.721246399047171,7.738104777239699
7.795880017344075,7.121365168647699
7.187086643357144,7.518016642783946
