y_test,y_pred
7.217527375833714,7.3070609048349775
8.679853713888946,7.303043331456888
7.42021640338319,7.2147799054043515
9.0,7.3070609048349775
6.908684840302777,7.620840800506751
7.2839966563652006,7.11654325152638
7.853871964321762,8.084025584961923
6.407823242604133,6.842059038861398
11.0,7.1981651831680065
9.522878745280337,8.944634947885516
8.721246399047171,7.633365548475389
7.795880017344075,7.055346180982043
7.187086643357144,7.648129606637948
