y_test,y_pred
7.217527375833714,7.522757252626116
8.679853713888946,7.9997436330017235
7.42021640338319,7.709400329046545
9.0,7.590941670545529
6.908684840302777,7.522757252626116
7.2839966563652006,7.413158733375353
7.853871964321762,7.701695016984085
6.407823242604133,6.886938073907129
11.0,7.620342565924777
9.522878745280337,8.871755686553547
8.721246399047171,7.657577319177794
7.795880017344075,7.00532567674744
7.187086643357144,7.4900852923396375
