y_test,y_pred
7.217527375833714,7.355187478214507
8.679853713888946,6.999750170877027
7.42021640338319,7.321373887878035
9.0,7.251811972993799
6.908684840302777,7.216680082061314
7.2839966563652006,6.923562347471083
7.853871964321762,8.050798759833176
6.407823242604133,6.82289758269855
11.0,7.298762370086598
9.522878745280337,8.930744866048308
8.721246399047171,7.891025849808722
7.795880017344075,6.953157841523267
7.187086643357144,7.481486060122113
