y_test,y_pred
7.217527375833714,7.357251722309528
8.679853713888946,7.405153611475707
7.42021640338319,7.405153611475707
9.0,7.481286365586949
6.908684840302777,7.270986180410542
7.2839966563652006,7.149460596257201
7.853871964321762,7.746034108440587
6.407823242604133,6.783951375529636
11.0,7.3134202270113695
9.522878745280337,8.892428217373437
8.721246399047171,7.695803482765528
7.795880017344075,6.899854502122541
7.187086643357144,7.498323381970227
