y_test,y_pred
7.217527375833714,7.343846098815738
8.679853713888946,7.261959350298438
7.42021640338319,7.090178037568878
9.0,7.42274448243862
6.908684840302777,7.586279933230244
7.2839966563652006,7.026364103881434
7.853871964321762,7.968675628549733
6.407823242604133,6.756101442416007
11.0,7.217718199309903
9.522878745280337,8.772919587541471
8.721246399047171,7.695772077323594
7.795880017344075,7.155307701319144
7.187086643357144,7.4793669965500635
