y_test,y_pred
7.217527375833714,7.8396594314907855
8.679853713888946,8.125796298987652
7.42021640338319,7.508638306165728
9.0,7.8396594314907855
6.908684840302777,8.246901513706556
7.2839966563652006,7.086983958105352
7.853871964321762,7.79370892264748
6.407823242604133,6.876492354734085
11.0,7.586786637819469
9.522878745280337,8.231054445180572
8.721246399047171,7.532671300425509
7.795880017344075,7.1991926141725155
7.187086643357144,7.55421018956609
