y_test,y_pred
7.217527375833714,7.189134585988502
8.679853713888946,7.3465890498144795
7.42021640338319,7.472521411684944
9.0,7.470708529343911
6.908684840302777,7.572706611325964
7.2839966563652006,7.065326953876847
7.853871964321762,8.117933919004745
6.407823242604133,7.132274101810518
11.0,7.306601887433367
9.522878745280337,8.772793277153548
8.721246399047171,7.90658201554048
7.795880017344075,7.288819269459536
7.187086643357144,7.705308881936991
