y_test,y_pred
7.217527375833714,7.038286310185247
8.679853713888946,7.402581691206588
7.42021640338319,7.044758496390965
9.0,7.3777943997397895
6.908684840302777,7.788237145933234
7.2839966563652006,7.156600453982498
7.853871964321762,7.8419258282212185
6.407823242604133,7.330195111950515
11.0,7.250303193619161
9.522878745280337,8.402979260532229
8.721246399047171,7.799633281352926
7.795880017344075,7.26138760756399
7.187086643357144,7.711580608630817
