y_test,y_pred
7.217527375833714,7.43365517097413
8.679853713888946,7.931545298255359
7.42021640338319,7.598349729970831
9.0,7.449823254751657
6.908684840302777,7.689376260429218
7.2839966563652006,7.2792998347767925
7.853871964321762,7.824094375836528
6.407823242604133,7.113127506434876
11.0,7.844820438311187
9.522878745280337,8.205927544093615
8.721246399047171,7.54694959390304
7.795880017344075,7.30238222807771
7.187086643357144,7.619818558204199
