y_test,y_pred
7.217527375833714,7.428265908044787
8.679853713888946,7.6114679857999334
7.42021640338319,7.651356007376956
9.0,7.581067781180397
6.908684840302777,7.350949615630668
7.2839966563652006,7.440348103301381
7.853871964321762,7.770663117740551
6.407823242604133,6.857517317827762
11.0,7.526927084800895
9.522878745280337,8.796319744672973
8.721246399047171,7.810271036068075
7.795880017344075,6.769314234392355
7.187086643357144,7.484260866219104
