y_test,y_pred
7.217527375833714,7.246801286226846
8.679853713888946,7.507800129760677
7.42021640338319,7.189446861367844
9.0,7.286136874974991
6.908684840302777,8.022669094133994
7.2839966563652006,7.130461032207159
7.853871964321762,7.770840502845663
6.407823242604133,7.251141488437751
11.0,7.106629257611323
9.522878745280337,8.91206715233284
8.721246399047171,8.046984113108701
7.795880017344075,7.149258705546946
7.187086643357144,7.646990596158314
