y_test,y_pred
7.217527375833714,7.147053287735121
8.679853713888946,7.426831144026603
7.42021640338319,7.398687987372673
9.0,7.395851902967254
6.908684840302777,7.732692325067813
7.2839966563652006,7.053865038154628
7.853871964321762,7.8722831401850755
6.407823242604133,7.17223838330974
11.0,7.43054412441672
9.522878745280337,8.557306638905954
8.721246399047171,7.980917920349469
7.795880017344075,7.166935057395266
7.187086643357144,7.545035689705998
