y_test,y_pred
7.217527375833714,7.4143376455061825
8.679853713888946,7.609083535306892
7.42021640338319,7.7264579845251165
9.0,7.6317259157435995
6.908684840302777,7.431402278593303
7.2839966563652006,7.557799432458769
7.853871964321762,7.71805780450745
6.407823242604133,6.733577625373219
11.0,7.643700547816392
9.522878745280337,8.726322398098064
8.721246399047171,7.73157400136924
7.795880017344075,6.861809592624089
7.187086643357144,7.481470889092163
