y_test,y_pred
7.217527375833714,7.2263179880113455
8.679853713888946,7.1949500472136005
7.42021640338319,7.088759680270699
9.0,7.338705567699347
6.908684840302777,7.715605119962533
7.2839966563652006,6.914271745224527
7.853871964321762,7.740042220794314
6.407823242604133,7.103937028296988
11.0,6.738660437347372
9.522878745280337,8.486995743456044
8.721246399047171,8.13869250100679
7.795880017344075,7.422789764847366
7.187086643357144,7.96407754091247
