y_test,y_pred
7.217527375833714,7.0246501813142865
8.679853713888946,7.3457688907190555
7.42021640338319,7.079859717639257
9.0,7.451219850844878
6.908684840302777,7.738592941014131
7.2839966563652006,7.110280686350651
7.853871964321762,7.875417952429914
6.407823242604133,7.3270486106891894
11.0,7.119004371562367
9.522878745280337,8.504513708400074
8.721246399047171,7.809228276487266
7.795880017344075,7.2120119418648505
7.187086643357144,7.566985692288377
