y_test,y_pred
7.217527375833714,7.207708538461464
8.679853713888946,7.3069713957674205
7.42021640338319,7.366467009741417
9.0,7.113603702598887
6.908684840302777,7.623971872077773
7.2839966563652006,7.338576775780799
7.853871964321762,7.99075378883802
6.407823242604133,7.047944695053016
11.0,7.078464049964759
9.522878745280337,8.717841191062318
8.721246399047171,8.049860956821634
7.795880017344075,7.306257301832479
7.187086643357144,7.730860801428327
