y_test,y_pred
7.217527375833714,7.893105088361497
8.679853713888946,8.123612875341578
7.42021640338319,7.247335524312303
9.0,8.111146368379673
6.908684840302777,7.927067689992876
7.2839966563652006,7.727244554349545
7.853871964321762,7.952119569380102
6.407823242604133,7.183750142532473
11.0,7.319163047960922
9.522878745280337,8.307482044274312
8.721246399047171,7.812139368619169
7.795880017344075,7.20310373116242
7.187086643357144,7.697754431090726
