y_test,y_pred
7.217527375833714,7.927670886469866
8.679853713888946,8.09943089228688
7.42021640338319,7.363680097665208
9.0,8.374434906323337
6.908684840302777,7.891353096228583
7.2839966563652006,7.54942942931118
7.853871964321762,7.938361143166608
6.407823242604133,7.334017678451677
11.0,7.5534538468279635
9.522878745280337,8.27366486390746
8.721246399047171,8.024991277681172
7.795880017344075,7.20310373116242
7.187086643357144,7.814104644265493
