y_test,y_pred
7.217527375833714,7.893105088361497
8.679853713888946,8.123612875341578
7.42021640338319,7.363680097665208
9.0,8.185182637329097
6.908684840302777,8.043204490216372
7.2839966563652006,7.727244554349545
7.853871964321762,7.952119569380102
6.407823242604133,7.173770572407918
11.0,7.534001246670239
9.522878745280337,8.307482044274312
8.721246399047171,7.952579973711295
7.795880017344075,6.999460804599752
7.187086643357144,7.697754431090726
