y_test,y_pred
7.217527375833714,8.076506268374326
8.679853713888946,8.337754719197404
7.42021640338319,7.205285145435573
9.0,8.125189134279385
6.908684840302777,7.39958212702024
7.2839966563652006,8.147423614555596
7.853871964321762,7.742252202226237
6.407823242604133,7.840051020786271
11.0,7.28926782152393
9.522878745280337,7.97692375994742
8.721246399047171,8.147423614555596
7.795880017344075,7.305845128003341
7.187086643357144,7.639485091262001
