y_test,y_pred
7.217527375833714,7.877080088307091
8.679853713888946,8.05875132292366
7.42021640338319,7.615812521225679
9.0,8.271840390055363
6.908684840302777,7.694551262715823
7.2839966563652006,7.701293139482383
7.853871964321762,7.844250860019311
6.407823242604133,7.806883509202882
11.0,7.423349664328621
9.522878745280337,8.000878661430228
8.721246399047171,8.01694756040853
7.795880017344075,7.577736168727776
7.187086643357144,7.6805523062067715
