y_test,y_pred
7.217527375833714,8.010912070865274
8.679853713888946,8.099430892286879
7.42021640338319,7.125947542317796
9.0,8.108343496019648
6.908684840302777,7.686082212162771
7.2839966563652006,7.727244554349545
7.853871964321762,7.9717490338945
6.407823242604133,7.20135926843804
11.0,7.46158994270036
9.522878745280337,8.296318717291438
8.721246399047171,7.921099471078138
7.795880017344075,7.20310373116242
7.187086643357144,7.9368290224157985
