y_test,y_pred
7.217527375833714,8.010912070865274
8.679853713888946,8.018684388021336
7.42021640338319,7.294071666055355
9.0,7.898220357340579
6.908684840302777,7.619976050008333
7.2839966563652006,7.7244416819895205
7.853871964321762,8.0717490338945
6.407823242604133,7.3860566729393415
11.0,7.788623567854279
9.522878745280337,8.429418039195582
8.721246399047171,8.0011838147657
7.795880017344075,7.112794732463226
7.187086643357144,7.776685786100492
