y_test,y_pred
7.217527375833714,7.981295157153698
8.679853713888946,8.551368912925879
7.42021640338319,7.55748685471996
9.0,8.309674042697603
6.908684840302777,7.967459037859226
7.2839966563652006,7.92679912020692
7.853871964321762,7.995348673962264
6.407823242604133,7.7897160531669885
11.0,7.532688907225856
9.522878745280337,8.315218701091581
8.721246399047171,8.206783115406688
7.795880017344075,7.20310373116242
7.187086643357144,7.566493177192491
