y_test,y_pred
7.217527375833714,7.768464183884298
8.679853713888946,7.865471553206547
7.42021640338319,7.125947542317796
9.0,7.898220357340579
6.908684840302777,7.637873744737649
7.2839966563652006,7.727244554349545
7.853871964321762,7.8044074439081355
6.407823242604133,7.10985449793103
11.0,7.554889623915438
9.522878745280337,8.155044670637587
8.721246399047171,8.0011838147657
7.795880017344075,7.20310373116242
7.187086643357144,7.859508797573189
