y_test,y_pred
7.217527375833714,7.981295157153698
8.679853713888946,8.517047738297027
7.42021640338319,7.467458953754148
9.0,8.200398637373912
6.908684840302777,7.801044097529389
7.2839966563652006,7.6942482985232985
7.853871964321762,7.924530873349978
6.407823242604133,7.432045222370512
11.0,7.560148525791026
9.522878745280337,8.116935075400583
8.721246399047171,7.998864990801925
7.795880017344075,7.175515035132298
7.187086643357144,7.750490028992312
