y_test,y_pred
7.217527375833714,7.893105088361497
8.679853713888946,8.099430892286879
7.42021640338319,7.294071666055355
9.0,8.108343496019648
6.908684840302777,7.9270676899928745
7.2839966563652006,7.727244554349545
7.853871964321762,7.952119569380102
6.407823242604133,7.173770572407918
11.0,7.319163047960922
9.522878745280337,8.486627715990632
8.721246399047171,7.7121393686191695
7.795880017344075,7.20310373116242
7.187086643357144,7.814104644265493
