y_test,y_pred
7.217527375833714,7.9840980295137225
8.679853713888946,8.099430892286879
7.42021640338319,7.467458953754149
9.0,8.264080847132629
6.908684840302777,7.891353096228583
7.2839966563652006,7.727244554349545
7.853871964321762,7.92453087334998
6.407823242604133,7.311050269738845
11.0,7.5534538468279635
9.522878745280337,8.27366486390746
8.721246399047171,8.024991277681172
7.795880017344075,7.281314229830068
7.187086643357144,7.64947827888349
