y_test,y_pred
7.217527375833714,7.981295157153698
8.679853713888946,8.248473564436802
7.42021640338319,7.467458953754148
9.0,8.300398637373913
6.908684840302777,7.801044097529389
7.2839966563652006,7.4801153832436516
7.853871964321762,7.950657160229229
6.407823242604133,7.334017678451677
11.0,7.892733883729927
9.522878745280337,8.279042689854412
8.721246399047171,7.86114235198571
7.795880017344075,7.175515035132298
7.187086643357144,7.5541787357013135
