y_test,y_pred
7.217527375833714,6.662677380283424
8.679853713888946,5.508459322772585
7.42021640338319,7.5065119934292435
9.0,7.222419342182704
6.908684840302777,6.6985680578341595
7.2839966563652006,6.73200475255218
7.853871964321762,7.575219967445638
6.407823242604133,6.398252671033721
11.0,5.091638764253539
9.522878745280337,8.939671266624366
8.721246399047171,8.183778537415444
7.795880017344075,5.905820330007546
7.187086643357144,6.976544280302854
