y_test,y_pred
7.217527375833714,6.826785898084027
8.679853713888946,6.17892572882471
7.42021640338319,7.324983104695884
9.0,7.1617226992096
6.908684840302777,6.056432732221106
7.2839966563652006,5.879013904354407
7.853871964321762,6.788663471096384
6.407823242604133,6.231640586613536
11.0,5.194580681306242
9.522878745280337,8.568781507128072
8.721246399047171,7.506023513212748
7.795880017344075,4.677399273104971
7.187086643357144,6.538204077236587
