y_test,y_pred
7.217527375833714,8.243094157619012
8.679853713888946,6.532502604364577
7.42021640338319,7.4786940976037375
9.0,7.3018803819045885
6.908684840302777,7.287479546331548
7.2839966563652006,8.48615292706239
7.853871964321762,7.52094388171273
6.407823242604133,6.622787960935866
11.0,5.671483822254756
9.522878745280337,9.083329960637897
8.721246399047171,9.331267700950308
7.795880017344075,6.231224804640572
7.187086643357144,7.2901360977163465
