y_test,y_pred
7.217527375833714,6.831438738631701
8.679853713888946,6.978858230791569
7.42021640338319,8.022062398754791
9.0,7.962949177396322
6.908684840302777,6.407012612010816
7.2839966563652006,5.534350430231004
7.853871964321762,8.756858430380971
6.407823242604133,6.82201210796247
11.0,6.705877365892455
9.522878745280337,10.273113067411426
8.721246399047171,8.590518942823566
7.795880017344075,6.2899136175081605
7.187086643357144,7.93862161452992
