y_test,y_pred
7.217527375833714,6.608201431808713
8.679853713888946,4.71219924320478
7.42021640338319,7.667682868580327
9.0,7.548380557460672
6.908684840302777,5.582824471153224
7.2839966563652006,7.397225288933672
7.853871964321762,7.6920715739924335
6.407823242604133,7.371974571200771
11.0,4.876334218628506
9.522878745280337,8.890987276678475
8.721246399047171,8.741982000302135
7.795880017344075,5.278510791228881
7.187086643357144,7.261081806628812
