y_test,y_pred
7.217527375833714,7.805822761745851
8.679853713888946,6.812520321011485
7.42021640338319,6.922079237980489
9.0,7.240982116064356
6.908684840302777,7.54076997195159
7.2839966563652006,7.777017568164159
7.853871964321762,7.416665452109958
6.407823242604133,7.37318587347439
11.0,6.530791250258001
9.522878745280337,8.98600639027152
8.721246399047171,8.125982044179922
7.795880017344075,7.18293812843622
7.187086643357144,7.562781684342098
