y_test,y_pred
7.217527375833714,6.744470225354727
8.679853713888946,6.120721257741767
7.42021640338319,7.546233120008106
9.0,6.92754727571159
6.908684840302777,6.482924598987074
7.2839966563652006,5.991862321731645
7.853871964321762,7.2876822887965425
6.407823242604133,6.149274126105237
11.0,4.278988473450742
9.522878745280337,8.71206557879766
8.721246399047171,6.956684092025132
7.795880017344075,4.808586470904318
7.187086643357144,6.762246339695629
