y_test,y_pred
7.217527375833714,6.990950460071209
8.679853713888946,4.082486583557949
7.42021640338319,7.030501784385387
9.0,7.207619693752785
6.908684840302777,5.472807505882886
7.2839966563652006,7.352979659869464
7.853871964321762,7.609722428086355
6.407823242604133,6.425120614688528
11.0,5.27573516127884
9.522878745280337,9.069403450928137
8.721246399047171,7.985725692861734
7.795880017344075,5.772611477500777
7.187086643357144,7.400841811157915
