y_test,y_pred
7.217527375833714,5.25862669663566
8.679853713888946,5.925047926272572
7.42021640338319,7.606148349920523
9.0,6.990513306038712
6.908684840302777,4.846349814269762
7.2839966563652006,4.94370714692272
7.853871964321762,7.755238651230049
6.407823242604133,6.705785664785971
11.0,5.198806901386986
9.522878745280337,9.561182026187149
8.721246399047171,8.3357878163697
7.795880017344075,5.391392305926273
7.187086643357144,7.002103821961301
