y_test,y_pred
7.217527375833714,6.879228507740566
8.679853713888946,6.523446748683988
7.42021640338319,7.561002930543207
9.0,7.260335359007029
6.908684840302777,6.194196437468712
7.2839966563652006,5.969610507091335
7.853871964321762,6.723699709803316
6.407823242604133,6.11708746472259
11.0,4.80773499947374
9.522878745280337,8.802582844846333
8.721246399047171,7.498382803240849
7.795880017344075,4.861988825069693
7.187086643357144,6.83981992204813
