y_test,y_pred
7.217527375833714,8.021086463050452
8.679853713888946,5.766519586814946
7.42021640338319,8.224729425288812
9.0,7.62784870384465
6.908684840302777,7.22127298462542
7.2839966563652006,8.276828759578573
7.853871964321762,7.356388986907797
6.407823242604133,7.025375450408947
11.0,5.440774874244006
9.522878745280337,9.123705138588566
8.721246399047171,8.329750254579938
7.795880017344075,6.194938954601165
7.187086643357144,7.133769606164705
