y_test,y_pred
7.217527375833714,7.87438746933262
8.679853713888946,7.865279486476945
7.42021640338319,7.670950353505351
9.0,7.802483946120158
6.908684840302777,7.847618767493941
7.2839966563652006,7.528933997851181
7.853871964321762,7.764009688101445
6.407823242604133,7.374987725821569
11.0,7.604941063636999
9.522878745280337,8.328903481026769
8.721246399047171,7.778897155288747
7.795880017344075,7.203611751895367
7.187086643357144,7.870132525190379
