y_test,y_pred
7.217527375833714,7.694964231529911
8.679853713888946,7.793136332187851
7.42021640338319,7.3112411251395235
9.0,7.61293850488469
6.908684840302777,7.722500211516503
7.2839966563652006,7.458172565694706
7.853871964321762,7.913455109641324
6.407823242604133,7.440924501283581
11.0,7.62202083302852
9.522878745280337,8.262087824681709
8.721246399047171,7.777452184204224
7.795880017344075,7.625429011817108
7.187086643357144,7.5778934318429325
