y_test,y_pred
7.217527375833714,7.636422060031528
8.679853713888946,7.630874207613253
7.42021640338319,7.5657288632176005
9.0,7.502023878415299
6.908684840302777,7.764551031193943
7.2839966563652006,7.2847159662876075
7.853871964321762,7.9789154062838925
6.407823242604133,7.058328671093395
11.0,7.599615145837919
9.522878745280337,8.803561750658417
8.721246399047171,7.527515242155025
7.795880017344075,7.284359080314927
7.187086643357144,7.571008329086864
