y_test,y_pred
7.217527375833714,7.611164266449467
8.679853713888946,7.8492881327551025
7.42021640338319,7.417816865052735
9.0,7.475615293905876
6.908684840302777,7.629392063637543
7.2839966563652006,7.3455933462300615
7.853871964321762,7.863576526149355
6.407823242604133,7.29321696517035
11.0,7.65921421253217
9.522878745280337,8.427812722067184
8.721246399047171,7.844578453880864
7.795880017344075,7.472751841291011
7.187086643357144,7.6951028544106785
