y_test,y_pred
7.217527375833714,7.508977207604573
8.679853713888946,7.6453010111472715
7.42021640338319,7.312995120375347
9.0,7.553080100912302
6.908684840302777,7.596738869656816
7.2839966563652006,7.33230673451547
7.853871964321762,7.934766774198445
6.407823242604133,7.390567917739048
11.0,7.521682651209339
9.522878745280337,8.313729336339717
8.721246399047171,7.751502878290171
7.795880017344075,7.389546839386988
7.187086643357144,7.789234465948758
