y_test,y_pred
7.217527375833714,7.521952283830857
8.679853713888946,7.65190515237937
7.42021640338319,7.63770461045562
9.0,7.675307846128306
6.908684840302777,7.635632423163457
7.2839966563652006,7.500438564717095
7.853871964321762,7.971573865182578
6.407823242604133,7.550869856672911
11.0,7.61839668681431
9.522878745280337,8.252488151436063
8.721246399047171,7.926744482203856
7.795880017344075,7.578268770315001
7.187086643357144,7.790435914060725
