y_test,y_pred
7.217527375833714,7.581065675267472
8.679853713888946,7.670144679492624
7.42021640338319,7.4674972666385635
9.0,7.670060028644837
6.908684840302777,7.717987601450727
7.2839966563652006,7.498045315374811
7.853871964321762,7.960373513652671
6.407823242604133,7.427640541617599
11.0,7.783146029948866
9.522878745280337,8.144142103695778
8.721246399047171,7.721594867024136
7.795880017344075,7.468909644941334
7.187086643357144,7.862432382356235
