y_test,y_pred
7.217527375833714,7.745241506033511
8.679853713888946,8.03655455676444
7.42021640338319,7.649910279464658
9.0,7.6797758616214455
6.908684840302777,7.697461960406705
7.2839966563652006,7.4398111126627375
7.853871964321762,7.839329603887867
6.407823242604133,7.675676054874608
11.0,7.476634499754974
9.522878745280337,8.440874152598207
8.721246399047171,7.982392607083912
7.795880017344075,7.312690035913585
7.187086643357144,7.725943200630481
