y_test,y_pred
7.217527375833714,7.6985858518743315
8.679853713888946,7.6358462530485705
7.42021640338319,7.502612115327765
9.0,7.595424785874297
6.908684840302777,7.5611838020380056
7.2839966563652006,7.459807926118933
7.853871964321762,7.875946015142952
6.407823242604133,7.672386812751131
11.0,7.346419851235895
9.522878745280337,8.430618470807646
8.721246399047171,7.828439275641696
7.795880017344075,7.552110518710954
7.187086643357144,7.608539055279282
