y_test,y_pred
7.217527375833714,7.81380799927518
8.679853713888946,8.258392277059487
7.42021640338319,7.339869772738107
9.0,7.912668209811085
6.908684840302777,8.084705989857184
7.2839966563652006,7.5141960103855014
7.853871964321762,7.75438031468922
6.407823242604133,7.287613193097069
11.0,7.436502728343648
9.522878745280337,7.870942962907453
8.721246399047171,7.681747567836541
7.795880017344075,7.269821352303299
7.187086643357144,7.659018304809267
