y_test,y_pred
7.217527375833714,8.398815401441404
8.679853713888946,7.235860853215277
7.42021640338319,7.775304294219917
9.0,7.619442615879808
6.908684840302777,7.677352053411452
7.2839966563652006,7.708616419066203
7.853871964321762,8.211048343113193
6.407823242604133,6.98716119275047
11.0,7.2955249877587915
9.522878745280337,8.784990074231347
8.721246399047171,7.995474398956697
7.795880017344075,6.769036913751524
7.187086643357144,7.602507072562161
