y_test,y_pred
7.217527375833714,7.728861682952362
8.679853713888946,7.784717252455368
7.42021640338319,7.73715203176338
9.0,7.728158185606943
6.908684840302777,7.776533364085814
7.2839966563652006,7.728385502445647
7.853871964321762,7.727805779811471
6.407823242604133,7.741467926136337
11.0,7.848454986362947
9.522878745280337,7.727120540927121
8.721246399047171,7.727738995760124
7.795880017344075,7.800272009789977
7.187086643357144,7.732012426884039
