y_test,y_pred
7.217527375833714,8.35281606096378
8.679853713888946,7.362704601506159
7.42021640338319,7.765098941198596
9.0,7.609538235473527
6.908684840302777,7.677095138722063
7.2839966563652006,7.657647973934203
7.853871964321762,8.221179455258007
6.407823242604133,7.019911198364802
11.0,7.396120970640271
9.522878745280337,8.857425081487683
8.721246399047171,7.9561216029649255
7.795880017344075,6.770135079443264
7.187086643357144,7.589156785463233
