y_test,y_pred
7.217527375833714,8.114834843511911
8.679853713888946,8.32893025493615
7.42021640338319,7.5864371318988635
9.0,7.853132704123787
6.908684840302777,7.593359862675033
7.2839966563652006,8.309528417382285
7.853871964321762,7.857059109947947
6.407823242604133,7.139936489015836
11.0,7.437146195319458
9.522878745280337,8.58449945291958
8.721246399047171,7.976712777842162
7.795880017344075,7.191137051480534
7.187086643357144,7.643658666929526
