y_test,y_pred
7.217527375833714,8.38942915299787
8.679853713888946,7.267464254816727
7.42021640338319,7.521842071825442
9.0,7.562042798733081
6.908684840302777,7.531205959749942
7.2839966563652006,7.4257862128156304
7.853871964321762,8.132746430136939
6.407823242604133,6.832344102856812
11.0,7.22800552464191
9.522878745280337,8.843621483174608
8.721246399047171,8.21446826423885
7.795880017344075,6.829682395856396
7.187086643357144,7.738707349843306
