y_test,y_pred
7.217527375833714,8.084414615603663
8.679853713888946,8.011698289896074
7.42021640338319,7.622325217411767
9.0,7.670719246790645
6.908684840302777,7.5243338332928795
7.2839966563652006,7.901519809794918
7.853871964321762,7.912375259820703
6.407823242604133,7.004663220375205
11.0,7.392934230780296
9.522878745280337,8.783934501706273
8.721246399047171,7.912316397876827
7.795880017344075,7.201190466241336
7.187086643357144,7.704254347524824
