y_test,y_pred
7.217527375833714,8.349570334607165
8.679853713888946,7.29943775416097
7.42021640338319,7.751438109417972
9.0,7.60005382910415
6.908684840302777,7.6580995923270745
7.2839966563652006,7.66867464233638
7.853871964321762,8.238620162507365
6.407823242604133,6.97219237690909
11.0,7.3612385187126845
9.522878745280337,8.85060908045464
8.721246399047171,7.978748839440394
7.795880017344075,6.763739037363659
7.187086643357144,7.648588929826058
