y_test,y_pred
7.217527375833714,7.5406027
8.679853713888946,7.5655417
7.42021640338319,7.4688053
9.0,7.377891
6.908684840302777,7.694833
7.2839966563652006,7.0743685
7.853871964321762,7.8773446
6.407823242604133,7.0550485
11.0,7.4636464
9.522878745280337,8.419006
8.721246399047171,7.815729
7.795880017344075,7.166585
7.187086643357144,7.656226
