y_test,y_pred
7.217527375833714,7.386371
8.679853713888946,7.5673733
7.42021640338319,7.2152553
9.0,7.314841
6.908684840302777,7.787188
7.2839966563652006,7.104275
7.853871964321762,8.109004
6.407823242604133,7.244746
11.0,7.3123426
9.522878745280337,8.51602
8.721246399047171,7.6556287
7.795880017344075,7.20312
7.187086643357144,7.656149
