y_test,y_pred
7.217527375833714,7.3845415
8.679853713888946,7.4870753
7.42021640338319,7.6655993
9.0,7.680931
6.908684840302777,7.434438
7.2839966563652006,7.329867
7.853871964321762,7.7197747
6.407823242604133,6.833707
11.0,7.420528
9.522878745280337,8.631857
8.721246399047171,7.631349
7.795880017344075,6.917688
7.187086643357144,7.637884
