y_test,y_pred
7.217527375833714,7.3332686
8.679853713888946,7.6121016
7.42021640338319,7.1474767
9.0,7.2946486
6.908684840302777,7.477396
7.2839966563652006,6.96773
7.853871964321762,7.931309
6.407823242604133,7.146694
11.0,7.1345367
9.522878745280337,8.473216
8.721246399047171,7.6049895
7.795880017344075,7.2974567
7.187086643357144,7.5624995
