y_test,y_pred
7.217527375833714,7.575607
8.679853713888946,7.122949
7.42021640338319,7.4738374
9.0,7.291351
6.908684840302777,7.3987727
7.2839966563652006,7.033164
7.853871964321762,7.9133344
6.407823242604133,6.9223833
11.0,7.236644
9.522878745280337,8.756664
8.721246399047171,7.67163
7.795880017344075,7.0105624
7.187086643357144,7.728876
