y_test,y_pred
7.217527375833714,7.383038
8.679853713888946,7.340771
7.42021640338319,7.389893
9.0,7.46736
6.908684840302777,7.616641
7.2839966563652006,7.2208285
7.853871964321762,7.990531
6.407823242604133,7.0220137
11.0,7.21014
9.522878745280337,8.54216
8.721246399047171,7.6505103
7.795880017344075,7.205061
7.187086643357144,7.762172
