y_test,y_pred
7.217527375833714,7.2567058
8.679853713888946,7.282694
7.42021640338319,7.4457846
9.0,7.1893363
6.908684840302777,7.486117
7.2839966563652006,7.0649056
7.853871964321762,7.87343
6.407823242604133,7.002083
11.0,7.2001386
9.522878745280337,8.675919
8.721246399047171,7.8047757
7.795880017344075,7.2458377
7.187086643357144,7.3886275
