y_test,y_pred
7.217527375833714,7.4938207
8.679853713888946,7.572881
7.42021640338319,7.4228945
9.0,7.6407614
6.908684840302777,7.2870007
7.2839966563652006,7.3987317
7.853871964321762,7.903522
6.407823242604133,6.9960246
11.0,7.4822254
9.522878745280337,8.738157
8.721246399047171,7.825581
7.795880017344075,6.91975
7.187086643357144,7.5273376
