y_test,y_pred
7.217527375833714,8.192751
8.679853713888946,8.320467
7.42021640338319,7.4733024
9.0,7.514514
6.908684840302777,8.151618
7.2839966563652006,7.421888
7.853871964321762,8.231235
6.407823242604133,7.137567
11.0,7.3117886
9.522878745280337,8.190018
8.721246399047171,7.3341727
7.795880017344075,7.506066
7.187086643357144,7.4623613
