y_test,y_pred
7.217527375833714,7.4552937
8.679853713888946,7.4730325
7.42021640338319,7.1352844
9.0,7.3014355
6.908684840302777,7.6446176
7.2839966563652006,7.0305996
7.853871964321762,8.014418
6.407823242604133,7.113621
11.0,7.2907004
9.522878745280337,8.4181385
8.721246399047171,7.535064
7.795880017344075,7.360221
7.187086643357144,7.685858
