Model,R2,Q2,MSE,MAE
Random Forest,0.7521456048082823,-0.045330961834364025,2.184149505966722,1.2185991974000085
AdaBoost,0.8215105966090799,-1.5921693971434827,5.416165515864731,1.9064454102085147
XGBoost,0.7278808965850994,-0.9538718176571785,4.082485185141233,1.671884801849386
MLP,0.8554239352070074,-1888888703488.4385,3946707290974.029,165238.5144224085
KNN,0.5462401496288631,-0.6555311723941013,3.459122253445736,1.4850828202199455
Gradient Boosting,0.7846501388143391,-0.2924355892288091,2.700458186710828,1.3083693081161838
SVR,0.02947717031593111,-0.4222949515880994,2.971790685697058,1.436136171980623
