Model,PC,MSE,R2,Q2,MAE,Best Params,R2+Q2,Vote sum,R2-Q2,Vote diff,Vote,(R2+Q2)-(R2-Q2)
Random Forest,17,0.8565516015420073,0.3430027898668999,0.1646361923831767,0.7808998178086345,"{'bootstrap': True, 'criterion': 'squared_error', 'max_depth': 5, 'max_features': 'sqrt', 'max_samples': None, 'min_samples_leaf': 2, 'min_samples_split': 5, 'n_estimators': 100}",0.5076389822500766,4,0.17836659748372322,25,29,0.32927238476635345
AdaBoost,39,0.9068098973268024,0.2687971723582806,0.115621093636601,0.7982584042771905,"{'learning_rate': 0.1, 'n_estimators': 200}",0.3844182659948816,2,0.1531760787216796,35,37,0.231242187273202
XGBoost,38,0.736145361035205,0.9274133809125809,0.2820640453572587,0.7111029743571347,"{'colsample_bytree': 0.8, 'learning_rate': 0.1, 'max_depth': 5, 'n_estimators': 100, 'reg_alpha': 0.1, 'reg_lambda': 0.5, 'subsample': 0.8}",1.2094774262698396,1,0.6453493355553221,29,30,0.5641280907145174
MLP,8,0.8764722300324814,0.6612906554812574,0.145208323664042,0.7567273422062251,"{'alpha': 0.001, 'hidden_layer_sizes': (200, 100), 'learning_rate_init': 0.001}",0.8064989791452994,21,0.5160823318172154,7,28,0.29041664732808403
KNN,29,0.7490529357641067,0.5628367637362625,0.2694757544087358,0.6767674017679735,"{'metric': 'manhattan', 'n_neighbors': 5, 'weights': 'uniform'}",0.8323125181449982,1,0.2933610093275267,14,15,0.5389515088174714
Gradient Boosting,37,0.7468821461895881,0.8026318981903829,0.2715928469939813,0.7158742297324613,"{'learning_rate': 0.05, 'max_depth': 5, 'min_samples_leaf': 2, 'min_samples_split': 10, 'n_estimators': 100, 'subsample': 0.8}",1.0742247451843643,14,0.5310390511964016,21,35,0.5431856939879627
SVR,35,0.6785642296380638,0.8655426259484145,0.3382208409130737,0.6655089769312428,"{'C': 1, 'gamma': 0.1, 'kernel': 'rbf'}",1.203763466861488,5,0.5273217850353408,32,37,0.6764416818261473
