PC1,PC2,PC3
4.773375699158427,-0.6275100522730385,-1.9200281616362296
-3.327419713659598,3.5375979144479857,2.725875365609218
27.93405403637836,-0.6312596265696384,1.952810829648538
-9.703395417290828,-2.540082049238664,-0.5876751068422095
