PC1,PC2,PC3
4.773375452354951,-0.6274496598489077,-1.9217990486847163
-3.3274196876155977,3.5371491833234536,2.728192868352542
27.93405472749315,-0.6304734980382889,1.9572337656329915
-9.703395272039488,-2.539899996930629,-0.5886373943986313
