PC1,PC2,PC3
4.77337595982383,-0.627811527998061,-1.9265899646582494
-3.327419619378973,3.5373420797323902,2.7267881601039052
27.934053121694536,-0.6297783843626779,1.970892321123999
-9.703395649016684,-2.5397668631790884,-0.5839646364189796
