y_test,y_pred
5.0,5.0
8.958607314841775,8.12376496266089
5.0,5.0
7.458420756053419,8.626188624791194
7.217527375833714,7.143015313816594
5.0,5.0
5.0,5.0
6.913640169325252,7.432693014727665
8.221848749616356,7.215305136500907
5.0,5.0
5.0,5.0
7.187086643357144,7.515410325651752
6.995678626217358,8.112332962759693
5.0,5.0
7.6020599913279625,8.517417611581743
6.731422028117157,8.245432847339488
5.0,5.0
5.0,5.0
7.749579997691106,8.45287478350546
8.193820026016112,8.394908017580162
