y_test,y_pred
5.0,5.0
8.958607314841775,7.577493531462952
5.0,5.0
7.458420756053419,8.699178822915409
7.217527375833714,7.102372908709558
5.0,5.0
5.0,5.0
6.913640169325252,7.219807538513992
8.221848749616356,7.183734104536406
5.0,5.0
5.0,5.0
7.187086643357144,7.74521033176777
6.995678626217358,8.28689155873705
5.0,5.0
7.6020599913279625,8.837017186657842
6.731422028117157,8.28689155873705
5.0,5.0
5.0,5.0
7.749579997691106,8.833710633722763
8.193820026016112,8.323706215744098
