y_test,y_pred
5.0,5.0
8.958607314841775,7.457324232999867
5.0,5.0
7.458420756053419,8.557820714409742
7.217527375833714,7.018996350680212
5.0,5.0
5.0,5.0
6.913640169325252,8.171020750178453
8.221848749616356,7.465722403807009
5.0,5.0
5.0,5.0
7.187086643357144,7.498935097927354
6.995678626217358,8.26868887341355
5.0,5.0
7.6020599913279625,8.44517066717377
6.731422028117157,8.299159672193051
5.0,5.0
5.0,5.0
7.749579997691106,8.436801987444333
8.193820026016112,8.367008156224788
