y_test,y_pred
5.0,5.0
8.958607314841775,7.351486483526844
5.0,5.0
7.458420756053419,8.52484766555458
7.217527375833714,7.337869747081858
5.0,5.0
5.0,5.0
6.913640169325252,7.754821034313821
8.221848749616356,7.256559194431015
5.0,5.0
5.0,5.0
7.187086643357144,7.697652587620757
6.995678626217358,8.119401615514164
5.0,5.0
7.6020599913279625,8.505241978681791
6.731422028117157,8.275279438883254
5.0,5.0
5.0,5.0
7.749579997691106,8.42800069795951
8.193820026016112,8.377462098035485
