y_test,y_pred
5.0,5.0
8.958607314841775,8.134917804642024
5.0,5.0
7.458420756053419,8.6000235379293
7.217527375833714,7.180662661912514
5.0,5.0
5.0,5.0
6.913640169325252,7.292747302899642
8.221848749616356,7.0608201942196
5.0,5.0
5.0,5.0
7.187086643357144,7.416368693205958
6.995678626217358,8.156586662263965
5.0,5.0
7.6020599913279625,8.785718152522708
6.731422028117157,8.21010637093108
5.0,5.0
5.0,5.0
7.749579997691106,8.6000235379293
8.193820026016112,8.53290752950084
