y_test,y_pred
5.0,5.0
8.958607314841775,8.135394099066867
5.0,5.0
7.458420756053419,8.25622713114234
7.217527375833714,8.035596658378857
5.0,5.0
5.0,5.570811232316765
6.913640169325252,8.507434599508098
8.221848749616356,7.837901643598124
5.0,5.0
5.0,5.0
7.187086643357144,7.623001512529725
6.995678626217358,8.351805969332483
5.0,5.0
7.6020599913279625,8.109220821736228
6.731422028117157,8.974119650564162
5.0,5.0
5.0,5.0
7.749579997691106,8.454240375715358
8.193820026016112,8.720657344619665
