y_test,y_pred
5.0,5.0
8.958607314841775,8.099229622320198
5.0,5.0
7.458420756053419,8.34775270742295
7.217527375833714,7.637599286735643
5.0,5.0
5.0,5.0
6.913640169325252,8.080292322070719
8.221848749616356,7.753451994051988
5.0,5.0
5.0,5.0
7.187086643357144,7.381880001168199
6.995678626217358,8.472918050080093
5.0,5.0
7.6020599913279625,8.374011187384713
6.731422028117157,8.771029088769989
5.0,5.0
5.0,5.0
7.749579997691106,8.2323455218158
8.193820026016112,8.76541480730079
