y_test,y_pred
5.0,5.0
8.958607314841775,7.8264851197851835
5.0,5.0
7.458420756053419,7.973822929888027
7.217527375833714,8.063202888290357
5.0,5.0
5.0,5.78049165106121
6.913640169325252,8.063202888290357
8.221848749616356,8.063202888290357
5.0,5.0
5.0,5.0
7.187086643357144,8.194204183632449
6.995678626217358,8.194204183632449
5.0,5.0
7.6020599913279625,8.167997178423759
6.731422028117157,8.134461933047776
5.0,5.0
5.0,5.0
7.749579997691106,8.161822156417292
8.193820026016112,8.374963389832084
