y_test,y_pred
5.0,5.0
8.958607314841775,7.253250122827066
5.0,5.0
7.458420756053419,8.668566816091309
7.217527375833714,8.202223509253923
5.0,5.0
5.0,5.0
6.913640169325252,7.535193864336506
8.221848749616356,6.99045998430529
5.0,5.0
5.0,5.0
7.187086643357144,7.758420740414516
6.995678626217358,8.167736228099987
5.0,5.0
7.6020599913279625,9.124143111939818
6.731422028117157,8.93051954785381
5.0,5.0
5.0,5.0
7.749579997691106,9.358573571312705
8.193820026016112,9.124143111939818
