y_test,y_pred
5.0,5.0
8.958607314841775,7.253250122827066
5.0,5.0
7.458420756053419,7.535193864336506
7.217527375833714,8.952353397439287
5.0,5.0
5.0,5.0
6.913640169325252,7.535193864336506
8.221848749616356,7.543272136938268
5.0,5.0
5.0,5.0
7.187086643357144,7.03572553903746
6.995678626217358,8.167736228099987
5.0,5.0
7.6020599913279625,8.395847073339931
6.731422028117157,8.93051954785381
5.0,5.0
5.0,5.0
7.749579997691106,8.395847073339931
8.193820026016112,9.124143111939818
