y_test,y_pred
5.0,5.3046846
8.958607314841775,7.724339
5.0,5.049368
7.458420756053419,8.105796
7.217527375833714,7.3319836
5.0,4.9703913
5.0,5.583649
6.913640169325252,7.198372
8.221848749616356,6.8942976
5.0,5.1479993
5.0,5.1910305
7.187086643357144,7.5023613
6.995678626217358,7.383826
5.0,5.132213
7.6020599913279625,7.7272058
6.731422028117157,7.932413
5.0,5.1818094
5.0,5.0685186
7.749579997691106,8.258671
8.193820026016112,8.125792
