y_test,y_pred
5.0,5.244022
8.958607314841775,7.546303
5.0,5.141492
7.458420756053419,8.18839
7.217527375833714,7.3968925
5.0,5.2428656
5.0,6.064977
6.913640169325252,6.926198
8.221848749616356,7.1076236
5.0,5.330954
5.0,5.278208
7.187086643357144,7.5961843
6.995678626217358,7.6769686
5.0,5.217988
7.6020599913279625,7.867292
6.731422028117157,8.146094
5.0,5.0084076
5.0,5.224192
7.749579997691106,8.0614805
8.193820026016112,7.6878676
