y_test,y_pred
5.0,5.2232795
8.958607314841775,7.642034
5.0,5.360001
7.458420756053419,8.084222
7.217527375833714,7.136324
5.0,4.989663
5.0,6.1935797
6.913640169325252,6.843823
8.221848749616356,6.948412
5.0,5.587631
5.0,5.705723
7.187086643357144,7.277679
6.995678626217358,7.175949
5.0,4.986517
7.6020599913279625,8.09691
6.731422028117157,7.7307653
5.0,5.6136317
5.0,5.1186714
7.749579997691106,8.287133
8.193820026016112,8.004821
