y_test,y_pred
5.0,5.1159534
8.958607314841775,7.534197
5.0,5.1680675
7.458420756053419,8.422376
7.217527375833714,7.4176335
5.0,5.198674
5.0,5.7848372
6.913640169325252,7.18955
8.221848749616356,7.120179
5.0,5.265014
5.0,5.1913853
7.187086643357144,7.4528065
6.995678626217358,7.6913953
5.0,5.1270227
7.6020599913279625,8.176607
6.731422028117157,8.353267
5.0,4.95243
5.0,5.1557584
7.749579997691106,8.116512
8.193820026016112,7.884756
