y_test,y_pred
5.0,4.994497
8.958607314841775,7.706917
5.0,4.961743
7.458420756053419,8.423343
7.217527375833714,8.542189
5.0,4.903955
5.0,5.5201535
6.913640169325252,6.98002
8.221848749616356,7.3045087
5.0,4.9623413
5.0,5.41533
7.187086643357144,7.735844
6.995678626217358,7.4724607
5.0,5.1123796
7.6020599913279625,7.0138555
6.731422028117157,8.970764
5.0,4.9306574
5.0,4.939067
7.749579997691106,7.492753
8.193820026016112,7.1063347
