y_test,y_pred
5.0,5.118201
8.958607314841775,7.486593
5.0,5.153439
7.458420756053419,8.131422
7.217527375833714,7.088219
5.0,5.096296
5.0,5.9479938
6.913640169325252,7.0235443
8.221848749616356,6.7784796
5.0,5.5698695
5.0,5.607094
7.187086643357144,7.2580924
6.995678626217358,7.360603
5.0,5.2799945
7.6020599913279625,8.115213
6.731422028117157,8.116383
5.0,5.676558
5.0,5.056659
7.749579997691106,8.181826
8.193820026016112,8.158108
