y_test,y_pred
5.0,5.194066
8.958607314841775,7.6554313
5.0,5.12188
7.458420756053419,8.382657
7.217527375833714,7.2302265
5.0,5.310819
5.0,5.626666
6.913640169325252,6.914689
8.221848749616356,6.884717
5.0,5.5114574
5.0,5.38605
7.187086643357144,7.240645
6.995678626217358,7.4852934
5.0,5.166764
7.6020599913279625,7.8124323
6.731422028117157,8.221811
5.0,5.0505958
5.0,5.3489275
7.749579997691106,8.096541
8.193820026016112,7.765755
