y_test,y_pred
5.0,5.216553
8.958607314841775,7.673607
5.0,5.1366806
7.458420756053419,8.620514
7.217527375833714,7.131748
5.0,4.9772277
5.0,5.9458075
6.913640169325252,7.137822
8.221848749616356,6.9758906
5.0,5.207705
5.0,5.411662
7.187086643357144,7.31941
6.995678626217358,7.422776
5.0,5.2245555
7.6020599913279625,8.031678
6.731422028117157,8.08939
5.0,5.040648
5.0,5.1222453
7.749579997691106,8.129564
8.193820026016112,7.6193714
