y_test,y_pred
5.0,5.216557
8.958607314841775,7.283783
5.0,5.073475
7.458420756053419,8.497317
7.217527375833714,7.8193216
5.0,5.031162
5.0,5.7011666
6.913640169325252,7.154688
8.221848749616356,6.710189
5.0,5.2708454
5.0,5.171902
7.187086643357144,7.29286
6.995678626217358,7.573443
5.0,4.959741
7.6020599913279625,7.922523
6.731422028117157,8.342785
5.0,5.1841507
5.0,5.1138873
7.749579997691106,8.104817
8.193820026016112,7.8748765
