y_test,y_pred
5.0,5.135581
8.958607314841775,7.4755206
5.0,5.0571723
7.458420756053419,8.392045
7.217527375833714,7.074313
5.0,5.2563076
5.0,5.772523
6.913640169325252,7.1407824
8.221848749616356,7.229757
5.0,5.4376545
5.0,5.4356995
7.187086643357144,7.305799
6.995678626217358,7.647028
5.0,5.2172575
7.6020599913279625,7.9504833
6.731422028117157,8.256453
5.0,5.120388
5.0,5.325614
7.749579997691106,8.043866
8.193820026016112,7.617094
