Model,PC,MSE,R2,Q2,MAE,Best Params,R2+Q2,Vote sum,R2-Q2,Vote diff,Vote,(R2+Q2)-(R2-Q2)
Random Forest,27,0.4717109929116486,0.760997847605771,0.2021351387674897,0.5499207765731146,"{'bootstrap': True, 'criterion': 'squared_error', 'max_depth': 5, 'max_features': 'sqrt', 'max_samples': None, 'min_samples_leaf': 2, 'min_samples_split': 5, 'n_estimators': 100}",0.9631329863732607,1,0.5588627088382814,31,32,0.40427027753497935
AdaBoost,51,0.4343171108861966,0.9000140472986617,0.2653841724798973,0.5343467084709073,"{'learning_rate': 0.1, 'n_estimators': 100}",1.165398219778559,1,0.6346298748187644,4,5,0.5307683449597946
XGBoost,51,0.4681346652803832,0.9394251500915168,0.2081842370334188,0.5496802730694055,"{'colsample_bytree': 0.8, 'learning_rate': 0.05, 'max_depth': 5, 'n_estimators': 50, 'subsample': 0.8}",1.1476093871249355,1,0.731240913058098,9,10,0.4163684740668375
MLP,1,0.5521934259642501,0.1087184093181329,0.066004952606668,0.5836046626975927,"{'alpha': 0.01, 'hidden_layer_sizes': (50,), 'learning_rate_init': 0.01}",0.1747233619248009,4,0.0427134567114649,1,5,0.132009905213336
KNN,47,0.5157046036865949,0.5106786818310269,0.1277231435341204,0.5790380382259457,"{'metric': 'chebyshev', 'n_neighbors': 3, 'weights': 'uniform'}",0.6384018253651473,1,0.38295553829690654,40,41,0.2554462870682408
Gradient Boosting,46,0.4523321218226629,0.9652483246484468,0.2349130907859881,0.5324529007220473,"{'learning_rate': 0.05, 'max_depth': 5, 'min_samples_leaf': 2, 'min_samples_split': 5, 'n_estimators': 50, 'subsample': 0.8}",1.2001614154344349,1,0.7303352338624587,4,5,0.4698261815719762
SVR,12,0.428907169662204,0.8256479155660847,0.2745346948735219,0.5570467927599037,"{'C': 1, 'gamma': 'auto', 'kernel': 'rbf'}",1.1001826104396066,1,0.5511132206925629,6,7,0.5490693897470438
