y_test,y_pred
8.309803919971486,7.657791288131462
7.031517051446065,7.523242701101406
6.810790510417694,7.438133290160745
8.795880017344075,7.7460643984260145
6.978810700930062,7.569840326352788
9.065501548756432,8.578134697464758
8.585026652029182,8.35753558806997
6.667561540084395,7.564598371261242
9.744727494896694,8.412998999477242
7.6020599913279625,8.5465619549454
8.769551078621726,8.416884181775137
