y_test,y_pred
8.309803919971486,7.838790738223126
7.031517051446065,7.766083568284183
6.810790510417694,7.5848027989511495
8.795880017344075,7.998267630972541
6.978810700930062,8.095601691067197
9.065501548756432,8.347772111570913
8.585026652029182,7.986413471660172
6.667561540084395,7.93890014262424
9.744727494896694,8.347772111570913
7.6020599913279625,8.347772111570913
8.769551078621726,8.407603896401069
