y_test,y_pred
8.309803919971486,8.210111822882222
7.031517051446065,7.7103075969124095
6.810790510417694,7.70926997248088
8.795880017344075,7.9438856749465785
6.978810700930062,7.7532692024821115
9.065501548756432,8.31904174916132
8.585026652029182,8.220631562754352
6.667561540084395,7.67635017955105
9.744727494896694,8.242986832280017
7.6020599913279625,7.739246612444259
8.769551078621726,8.211745177393555
