y_test,y_pred
8.309803919971486,8.024844501103432
7.031517051446065,7.535636012963904
6.810790510417694,7.663378491870536
8.795880017344075,7.981876292791418
6.978810700930062,7.627163051716518
9.065501548756432,8.475728565114068
8.585026652029182,8.127870816344466
6.667561540084395,7.480102878185575
9.744727494896694,8.216886436526545
7.6020599913279625,7.700501435833193
8.769551078621726,7.974360046973572
