y_test,y_pred
8.309803919971486,8.181268732434042
7.031517051446065,7.750117393010199
6.810790510417694,7.722510234652775
8.795880017344075,8.117130173553285
6.978810700930062,7.773937668708292
9.065501548756432,8.303043173884477
8.585026652029182,8.17115011693051
6.667561540084395,7.722510234652775
9.744727494896694,8.168827262750609
7.6020599913279625,7.7357846167706645
8.769551078621726,8.106198549033474
