y_test,y_pred
8.309803919971486,5.622268795762476
7.031517051446065,8.374299126050564
6.810790510417694,6.972673255910756
8.795880017344075,9.038447328017561
6.978810700930062,3.9295806889695366
9.065501548756432,7.630293698114841
8.585026652029182,7.566253804576665
6.667561540084395,6.25460428230686
9.744727494896694,8.480594239195302
7.6020599913279625,5.000306541896052
8.769551078621726,6.459333400407476
