y_test,y_pred
8.309803919971486,6.347796848995651
7.031517051446065,7.563119526237061
6.810790510417694,7.033720450405614
8.795880017344075,8.930962189522415
6.978810700930062,4.813418069446169
9.065501548756432,8.703916626928475
8.585026652029182,7.202882586470927
6.667561540084395,5.611250613460109
9.744727494896694,9.379740109650434
7.6020599913279625,4.229100608961234
8.769551078621726,6.616333778227848
