y_test,y_pred
8.309803919971486,5.182685606150987
7.031517051446065,7.126500268052617
6.810790510417694,7.297515280320453
8.795880017344075,8.465168779997223
6.978810700930062,4.7797732804102955
9.065501548756432,8.646825309267346
8.585026652029182,7.304118273303115
6.667561540084395,6.342137486814748
9.744727494896694,7.2118909469267605
7.6020599913279625,4.304596013759695
8.769551078621726,5.442085427583794
