y_test,y_pred
8.309803919971486,5.369544084304355
7.031517051446065,8.092049044659298
6.810790510417694,6.309685687021521
8.795880017344075,8.760977307883211
6.978810700930062,4.228113557745014
9.065501548756432,7.419265779404458
8.585026652029182,8.099277841268863
6.667561540084395,7.0401818929405655
9.744727494896694,6.9264131705440475
7.6020599913279625,4.539927612681928
8.769551078621726,6.458776595514897
