y_test,y_pred
8.309803919971486,5.626989558612866
7.031517051446065,7.195548331287282
6.810790510417694,5.96136030768032
8.795880017344075,7.6432155527854215
6.978810700930062,4.85200840519465
9.065501548756432,9.197590017164961
8.585026652029182,8.058361149124163
6.667561540084395,7.207721960515358
9.744727494896694,9.572638879131619
7.6020599913279625,4.852520248567153
8.769551078621726,6.699543612624352
