y_test,y_pred
8.309803919971486,7.822491326911717
7.031517051446065,7.855108515240391
6.810790510417694,7.690944376600801
8.795880017344075,7.7003154598194445
6.978810700930062,7.631007146515236
9.065501548756432,8.341757751623025
8.585026652029182,8.106769827834322
6.667561540084395,8.095035469318454
9.744727494896694,8.13145457280533
7.6020599913279625,8.538423184473812
8.769551078621726,8.202720489461031
