y_test,y_pred
8.309803919971486,8.06059968206924
7.031517051446065,7.77288489379872
6.810790510417694,7.621345979314756
8.795880017344075,7.7128755854258575
6.978810700930062,7.64980120301608
9.065501548756432,8.315314709609483
8.585026652029182,8.173109411171641
6.667561540084395,7.637614064727159
9.744727494896694,8.227339658508638
7.6020599913279625,8.290178817094807
8.769551078621726,8.274198081782242
