y_test,y_pred
8.309803919971486,8.028736328606112
7.031517051446065,7.120483406266604
6.810790510417694,7.521163167753616
8.795880017344075,7.983754573723402
6.978810700930062,7.897212953586752
9.065501548756432,8.38551991047854
8.585026652029182,8.01376345213861
6.667561540084395,7.430785566267792
9.744727494896694,7.856209137206259
7.6020599913279625,7.898462395310865
8.769551078621726,7.801254577242366
