y_test,y_pred
8.309803919971486,7.915183471582991
7.031517051446065,7.667246873727254
6.810790510417694,7.605713668541
8.795880017344075,7.91067354510021
6.978810700930062,7.65965820644535
9.065501548756432,8.38625630201836
8.585026652029182,8.315379517253882
6.667561540084395,7.658624910942008
9.744727494896694,8.383611746598962
7.6020599913279625,8.13220182718629
8.769551078621726,8.265889247682304
