y_test,y_pred
8.309803919971486,7.838856926960699
7.031517051446065,7.6336219817857796
6.810790510417694,7.872468311057264
8.795880017344075,7.844557811004495
6.978810700930062,7.996105101965898
9.065501548756432,8.57123169803054
8.585026652029182,7.9424196046316435
6.667561540084395,7.295575338126978
9.744727494896694,8.246905143072178
7.6020599913279625,7.794440325699391
8.769551078621726,7.9152638263156065
