y_test,y_pred
8.309803919971486,7.7629276229476964
7.031517051446065,7.592440633259235
6.810790510417694,7.294143633952374
8.795880017344075,7.597199949364256
6.978810700930062,7.925150386970433
9.065501548756432,8.586531542144664
8.585026652029182,8.362008729887346
6.667561540084395,8.143319780467149
9.744727494896694,8.467705636121211
7.6020599913279625,8.558878881379378
8.769551078621726,8.283150953213317
