y_test,y_pred
8.309803919971486,7.762282119180493
7.031517051446065,7.623541697709885
6.810790510417694,7.4983176693406675
8.795880017344075,7.72367278741513
6.978810700930062,7.5339929591069295
9.065501548756432,8.568857080437292
8.585026652029182,8.22697502464836
6.667561540084395,7.319201299495734
9.744727494896694,8.629593874884655
7.6020599913279625,8.136569583109733
8.769551078621726,8.024086616673308
