y_test,y_pred
8.309803919971486,7.787802203622483
7.031517051446065,7.62402407923446
6.810790510417694,7.49952233950057
8.795880017344075,7.737387004794358
6.978810700930062,7.546273676548914
9.065501548756432,8.610118737575391
8.585026652029182,8.207434378715012
6.667561540084395,7.340318528947442
9.744727494896694,8.622590095469917
7.6020599913279625,8.242233036201124
8.769551078621726,8.123739693062937
