y_test,y_pred
8.309803919971486,8.016437
7.031517051446065,7.749069
6.810790510417694,7.725797
8.795880017344075,7.999903
6.978810700930062,7.716115
9.065501548756432,8.2144
8.585026652029182,8.130185
6.667561540084395,7.716115
9.744727494896694,8.036722
7.6020599913279625,7.7971363
8.769551078621726,7.901225
