y_test,y_pred
8.309803919971486,8.304678
7.031517051446065,7.709663
6.810790510417694,7.709663
8.795880017344075,8.020972
6.978810700930062,7.709663
9.065501548756432,8.26645
8.585026652029182,8.159741
6.667561540084395,7.709663
9.744727494896694,8.26645
7.6020599913279625,8.351186
8.769551078621726,8.390005
