y_test,y_pred
8.309803919971486,8.0088625
7.031517051446065,7.728273
6.810790510417694,7.6732664
8.795880017344075,8.238423
6.978810700930062,7.76657
9.065501548756432,8.2944145
8.585026652029182,8.148165
6.667561540084395,7.755104
9.744727494896694,8.313942
7.6020599913279625,7.777395
8.769551078621726,8.038983
