y_test,y_pred
9.022276394711152,8.048192
7.187086643357144,7.674291
7.0,7.775197
7.102372908709558,7.087811
6.698970004336019,7.3678284
6.698970004336019,7.3022084
8.397940008672037,8.320394
8.585026652029182,7.833401
8.657577319177793,7.754731
7.749579997691106,8.106501
8.522878745280337,8.262027
6.67264106561367,7.3700624
9.769551078621726,7.9413357
8.301029995663981,7.907468
6.810790510417694,7.573297
7.991399828238083,8.173356
8.045757490560675,8.054441
8.769551078621726,8.032857
