y_test,y_pred
9.022276394711152,8.155477
7.187086643357144,7.562868
7.0,7.687218
7.102372908709558,7.0649347
6.698970004336019,7.3271594
6.698970004336019,7.374471
8.397940008672037,8.412178
8.585026652029182,7.8843765
8.657577319177793,7.877014
7.749579997691106,8.159606
8.522878745280337,8.2324705
6.67264106561367,7.327836
9.769551078621726,8.228225
8.301029995663981,7.900845
6.810790510417694,7.2349277
7.991399828238083,8.332201
8.045757490560675,8.091033
8.769551078621726,7.836152
