y_test,y_pred
9.022276394711152,8.03252
7.187086643357144,7.6103272
7.0,7.6747904
7.102372908709558,7.103292
6.698970004336019,7.385118
6.698970004336019,7.359833
8.397940008672037,8.090633
8.585026652029182,7.8106937
8.657577319177793,7.7284355
7.749579997691106,7.9878006
8.522878745280337,8.266159
6.67264106561367,7.324747
9.769551078621726,8.030149
8.301029995663981,7.9576125
6.810790510417694,7.5225716
7.991399828238083,8.115511
8.045757490560675,7.9816966
8.769551078621726,8.010096
