y_test,y_pred
9.022276394711152,8.003524
7.187086643357144,7.4810085
7.0,7.694824
7.102372908709558,6.941891
6.698970004336019,7.325671
6.698970004336019,7.2646737
8.397940008672037,8.309954
8.585026652029182,7.6023836
8.657577319177793,7.6378007
7.749579997691106,8.058587
8.522878745280337,8.499497
6.67264106561367,7.4576025
9.769551078621726,7.8524833
8.301029995663981,8.171364
6.810790510417694,7.613412
7.991399828238083,8.311874
8.045757490560675,7.8175015
8.769551078621726,7.9928956
