y_test,y_pred
9.022276394711152,8.119708
7.187086643357144,7.4587717
7.0,7.7189546
7.102372908709558,7.269858
6.698970004336019,7.4587717
6.698970004336019,7.2544036
8.397940008672037,8.149711
8.585026652029182,7.8767085
8.657577319177793,7.4849825
7.749579997691106,7.677049
8.522878745280337,8.234269
6.67264106561367,7.9676023
9.769551078621726,7.677049
8.301029995663981,8.817296
6.810790510417694,7.6074367
7.991399828238083,8.081739
8.045757490560675,8.390625
8.769551078621726,7.912734
