y_test,y_pred
9.022276394711152,8.168555
7.187086643357144,7.664614
7.0,7.783118
7.102372908709558,7.0611796
6.698970004336019,7.3664293
6.698970004336019,7.393207
8.397940008672037,8.394657
8.585026652029182,7.7820554
8.657577319177793,7.655278
7.749579997691106,8.189857
8.522878745280337,8.399107
6.67264106561367,7.391299
9.769551078621726,7.970623
8.301029995663981,7.7711825
6.810790510417694,7.438228
7.991399828238083,8.346773
8.045757490560675,7.9192567
8.769551078621726,7.9096212
