y_test,y_pred
9.022276394711152,8.18667
7.187086643357144,7.5128427
7.0,7.6844325
7.102372908709558,6.9492154
6.698970004336019,7.293257
6.698970004336019,7.3125343
8.397940008672037,8.458032
8.585026652029182,7.8184404
8.657577319177793,7.335257
7.749579997691106,7.9675145
8.522878745280337,8.665921
6.67264106561367,7.3023634
9.769551078621726,7.44575
8.301029995663981,7.934561
6.810790510417694,7.287863
7.991399828238083,8.1464405
8.045757490560675,7.794613
8.769551078621726,7.7172
