y_test,y_pred
9.022276394711152,8.248809
7.187086643357144,7.489091
7.0,7.854311
7.102372908709558,7.2878394
6.698970004336019,7.3667707
6.698970004336019,7.2987175
8.397940008672037,8.289715
8.585026652029182,8.035917
8.657577319177793,7.4483504
7.749579997691106,8.047929
8.522878745280337,8.33928
6.67264106561367,7.1562634
9.769551078621726,7.70226
8.301029995663981,7.9123387
6.810790510417694,7.1915874
7.991399828238083,8.174534
8.045757490560675,7.893043
8.769551078621726,7.85043
