y_test,y_pred
9.022276394711152,8.281199
7.187086643357144,7.7514267
7.0,7.7403593
7.102372908709558,6.9138484
6.698970004336019,7.3112454
6.698970004336019,7.3977704
8.397940008672037,8.544034
8.585026652029182,7.706223
8.657577319177793,7.555016
7.749579997691106,8.320461
8.522878745280337,8.520848
6.67264106561367,7.2991147
9.769551078621726,7.9764433
8.301029995663981,7.9650235
6.810790510417694,7.437896
7.991399828238083,8.3366995
8.045757490560675,8.000609
8.769551078621726,7.8306546
