y_test,y_pred
9.022276394711152,8.072772
7.187086643357144,6.9081144
7.0,7.209142
7.102372908709558,7.089176
6.698970004336019,7.009079
6.698970004336019,7.2754946
8.397940008672037,8.390102
8.585026652029182,8.164698
8.657577319177793,6.9688067
7.749579997691106,8.132023
8.522878745280337,8.443628
6.67264106561367,7.758857
9.769551078621726,8.191509
8.301029995663981,8.640268
6.810790510417694,7.814406
7.991399828238083,8.263191
8.045757490560675,8.173675
8.769551078621726,7.762636
